ISO-10303-21;
HEADER;
FILE_DESCRIPTION (( 'STEP AP214' ),
    '1' );
FILE_NAME ('MMBT3904RFG.STEP',
    '2024-02-23T14:38:10',
    ( '' ),
    ( '' ),
    'SwSTEP 2.0',
    'SolidWorks 2021',
    '' );
FILE_SCHEMA (( 'AUTOMOTIVE_DESIGN' ));
ENDSEC;

DATA;
#1 = VERTEX_POINT ( 'NONE', #1537 ) ;
#2 = ORIENTED_EDGE ( 'NONE', *, *, #142, .T. ) ;
#3 = CIRCLE ( 'NONE', #314, 0.1000000000000000472 ) ;
#4 = PLANE ( 'NONE',  #249 ) ;
#5 = FACE_OUTER_BOUND ( 'NONE', #1209, .T. ) ;
#6 = AXIS2_PLACEMENT_3D ( 'NONE', #874, #790, #332 ) ;
#7 = ORIENTED_EDGE ( 'NONE', *, *, #736, .F. ) ;
#8 = DIRECTION ( 'NONE',  ( 1.000000000000000000, 0.000000000000000000, 0.000000000000000000 ) ) ;
#9 = DIRECTION ( 'NONE',  ( 0.000000000000000000, 0.000000000000000000, 1.000000000000000000 ) ) ;
#10 = DIRECTION ( 'NONE',  ( -0.08682659386424777803, -0.9924325091389669673, 0.08682659386424780579 ) ) ;
#11 = ORIENTED_EDGE ( 'NONE', *, *, #925, .T. ) ;
#12 = EDGE_CURVE ( 'NONE', #1615, #2073, #205, .T. ) ;
#13 = LINE ( 'NONE', #1351, #293 ) ;
#14 = VECTOR ( 'NONE', #1824, 1000.000000000000227 ) ;
#15 = ADVANCED_FACE ( 'NONE', ( #34 ), #198, .F. ) ;
#16 = ORIENTED_EDGE ( 'NONE', *, *, #444, .T. ) ;
#17 = ORIENTED_EDGE ( 'NONE', *, *, #443, .F. ) ;
#18 = ORIENTED_EDGE ( 'NONE', *, *, #282, .T. ) ;
#19 = AXIS2_PLACEMENT_3D ( 'NONE', #1999, #1298, #818 ) ;
#20 = CYLINDRICAL_SURFACE ( 'NONE', #1052, 0.1000000000000000472 ) ;
#21 = ADVANCED_FACE ( 'NONE', ( #1030 ), #1389, .T. ) ;
#22 = SURFACE_STYLE_FILL_AREA ( #1386 ) ;
#23 = DIRECTION ( 'NONE',  ( -1.000000000000000000, -0.000000000000000000, 1.355252715606880543E-16 ) ) ;
#24 = CARTESIAN_POINT ( 'NONE',  ( -0.6249086240528645142, 0.2052349245053751714, -0.5999999999999996447 ) ) ;
#25 = CARTESIAN_POINT ( 'NONE',  ( -0.4750000000000001443, 0.1999999999999999833, 0.6000000000000005329 ) ) ;
#26 = AXIS2_PLACEMENT_3D ( 'NONE', #1674, #1214, #466 ) ;
#27 = DIRECTION ( 'NONE',  ( 0.000000000000000000, -0.000000000000000000, 1.000000000000000000 ) ) ;
#28 = VECTOR ( 'NONE', #1589, 1000.000000000000000 ) ;
#29 = ORIENTED_EDGE ( 'NONE', *, *, #562, .T. ) ;
#30 = VERTEX_POINT ( 'NONE', #2053 ) ;
#31 = VERTEX_POINT ( 'NONE', #48 ) ;
#32 = FACE_OUTER_BOUND ( 'NONE', #514, .T. ) ;
#33 = ORIENTED_EDGE ( 'NONE', *, *, #899, .F. ) ;
#34 = FACE_OUTER_BOUND ( 'NONE', #1419, .T. ) ;
#35 = PLANE ( 'NONE',  #1827 ) ;
#36 = DIRECTION ( 'NONE',  ( -0.03489949670250146185, -0.9993908270190956511, 0.000000000000000000 ) ) ;
#37 = AXIS2_PLACEMENT_3D ( 'NONE', #2161, #159, #815 ) ;
#38 = DIRECTION ( 'NONE',  ( -0.9961946980917455452, -0.08715574274765829077, 0.000000000000000000 ) ) ;
#39 = PLANE ( 'NONE',  #1069 ) ;
#40 = DIRECTION ( 'NONE',  ( 0.000000000000000000, -0.08715574274765831853, -0.9961946980917455452 ) ) ;
#41 = ORIENTED_EDGE ( 'NONE', *, *, #612, .F. ) ;
#42 = CARTESIAN_POINT ( 'NONE',  ( 0.6731790282283369731, 0.2069205641628604764, 0.1000000000000004774 ) ) ;
#43 = VECTOR ( 'NONE', #1690, 1000.000000000000000 ) ;
#44 = DIRECTION ( 'NONE',  ( 0.000000000000000000, -0.000000000000000000, 1.000000000000000000 ) ) ;
#45 = CARTESIAN_POINT ( 'NONE',  ( -0.3999999999999997446, 0.5500000000000000444, 0.7999999999999994893 ) ) ;
#46 = MECHANICAL_DESIGN_GEOMETRIC_PRESENTATION_REPRESENTATION (  '', ( #1513 ), #1829 ) ;
#47 = ORIENTED_EDGE ( 'NONE', *, *, #2056, .F. ) ;
#48 = CARTESIAN_POINT ( 'NONE',  ( -0.6593463315440190042, 0.009103785450083281064, 0.4000000000000004663 ) ) ;
#49 = DIRECTION ( 'NONE',  ( 1.000000000000000000, 0.000000000000000000, 0.000000000000000000 ) ) ;
#50 = LINE ( 'NONE', #1348, #1233 ) ;
#51 = CARTESIAN_POINT ( 'NONE',  ( 0.3773653201733591644, 0.8087155742747657028, 0.7693789677659258475 ) ) ;
#52 = PLANE ( 'NONE',  #889 ) ;
#53 = ORIENTED_EDGE ( 'NONE', *, *, #756, .F. ) ;
#54 = LINE ( 'NONE', #1211, #1160 ) ;
#55 = EDGE_CURVE ( 'NONE', #1004, #1026, #831, .T. ) ;
#56 = VERTEX_POINT ( 'NONE', #1165 ) ;
#57 = CARTESIAN_POINT ( 'NONE',  ( -0.2777458503641839771, 0.8999999999999999112, 0.6777458503641836662 ) ) ;
#58 = LINE ( 'NONE', #257, #628 ) ;
#59 = ADVANCED_FACE ( 'NONE', ( #174 ), #698, .T. ) ;
#60 = CARTESIAN_POINT ( 'NONE',  ( 0.4750000000000001443, 0.1999999999999999833, 0.1499999999999999944 ) ) ;
#61 = ADVANCED_FACE ( 'NONE', ( #521 ), #1042, .T. ) ;
#62 = EDGE_CURVE ( 'NONE', #1701, #2015, #711, .T. ) ;
#63 = CARTESIAN_POINT ( 'NONE',  ( -0.3868767004711111679, 0.7000000000000000666, -0.5999999999999996447 ) ) ;
#64 = VERTEX_POINT ( 'NONE', #128 ) ;
#65 = PLANE ( 'NONE',  #1058 ) ;
#66 = VERTEX_POINT ( 'NONE', #374 ) ;
#67 = LINE ( 'NONE', #1563, #1799 ) ;
#68 = ORIENTED_EDGE ( 'NONE', *, *, #1145, .F. ) ;
#69 = VECTOR ( 'NONE', #588, 1000.000000000000000 ) ;
#70 = DIRECTION ( 'NONE',  ( 0.08682659386424777803, -0.9924325091389670783, -0.08682659386424772252 ) ) ;
#71 =( LENGTH_UNIT ( ) NAMED_UNIT ( * ) SI_UNIT ( .MILLI., .METRE. ) );
#72 = DIRECTION ( 'NONE',  ( 0.06975647374411809987, 0.9975640502598247528, 0.000000000000000000 ) ) ;
#73 = CARTESIAN_POINT ( 'NONE',  ( -0.3011315471681860756, 0.5672997376062626218, 0.7011315471681858202 ) ) ;
#74 = VECTOR ( 'NONE', #1685, 1000.000000000000000 ) ;
#75 = CARTESIAN_POINT ( 'NONE',  ( -0.4644055339734912136, 0.5033858125323456001, 0.4000000000000004663 ) ) ;
#76 = EDGE_LOOP ( 'NONE', ( #1801, #1520, #656, #986 ) ) ;
#77 = ADVANCED_FACE ( 'NONE', ( #1717 ), #2036, .F. ) ;
#78 = CARTESIAN_POINT ( 'NONE',  ( 0.2689969840115922217, 0.1000000000000003664, 0.6689969840115912447 ) ) ;
#79 = ORIENTED_EDGE ( 'NONE', *, *, #538, .F. ) ;
#80 = DIRECTION ( 'NONE',  ( -2.032879073410321800E-16, -0.000000000000000000, -1.000000000000000000 ) ) ;
#81 = DIRECTION ( 'NONE',  ( 0.08682659386424773640, -0.9924325091389670783, 0.08682659386424781967 ) ) ;
#82 = AXIS2_PLACEMENT_3D ( 'NONE', #1525, #23, #2146 ) ;
#83 = ORIENTED_EDGE ( 'NONE', *, *, #1737, .T. ) ;
#84 = VECTOR ( 'NONE', #1171, 1000.000000000000000 ) ;
#85 = ORIENTED_EDGE ( 'NONE', *, *, #529, .F. ) ;
#86 = ADVANCED_FACE ( 'NONE', ( #845 ), #1345, .T. ) ;
#87 = PLANE ( 'NONE',  #1403 ) ;
#88 = DIRECTION ( 'NONE',  ( -1.000000000000000000, 0.000000000000000000, 0.000000000000000000 ) ) ;
#89 = VECTOR ( 'NONE', #361, 1000.000000000000227 ) ;
#90 = VECTOR ( 'NONE', #590, 1000.000000000000000 ) ;
#91 = CARTESIAN_POINT ( 'NONE',  ( -0.8000000000000001554, 0.1496346075389737296, 0.4000000000000004663 ) ) ;
#92 = ORIENTED_EDGE ( 'NONE', *, *, #62, .T. ) ;
#93 = VERTEX_POINT ( 'NONE', #1455 ) ;
#94 = ADVANCED_FACE ( 'NONE', ( #623 ), #2126, .F. ) ;
#95 = EDGE_CURVE ( 'NONE', #1, #1647, #1482, .T. ) ;
#96 = ORIENTED_EDGE ( 'NONE', *, *, #1157, .F. ) ;
#97 = CARTESIAN_POINT ( 'NONE',  ( 0.2689969840115920552, 0.2000000000000003719, -5.468383396076563979E-17 ) ) ;
#98 = EDGE_CURVE ( 'NONE', #388, #647, #646, .T. ) ;
#99 = DIRECTION ( 'NONE',  ( -0.000000000000000000, -0.000000000000000000, -1.000000000000000000 ) ) ;
#100 = CARTESIAN_POINT ( 'NONE',  ( -0.6249086240528645142, 0.2052349245053751714, 0.4000000000000004663 ) ) ;
#101 = MECHANICAL_DESIGN_GEOMETRIC_PRESENTATION_REPRESENTATION (  '', ( #1049 ), #1541 ) ;
#102 =( BOUNDED_CURVE ( )  B_SPLINE_CURVE ( 3, ( #351, #955, #1795, #1286 ),
 .UNSPECIFIED., .F., .F. ) 
 B_SPLINE_CURVE_WITH_KNOTS ( ( 4, 4 ),
 ( 5.501585242055419656, 7.064785372303752808 ),
 .UNSPECIFIED. ) 
 CURVE ( )  GEOMETRIC_REPRESENTATION_ITEM ( )  RATIONAL_B_SPLINE_CURVE ( ( 1.000000000000000000, 0.8065248903853482476, 0.8065248903853482476, 1.000000000000000000 ) ) 
 REPRESENTATION_ITEM ( '' )  );
#103 = CIRCLE ( 'NONE', #732, 0.04829982712513945092 ) ;
#104 = ORIENTED_EDGE ( 'NONE', *, *, #1917, .T. ) ;
#105 = EDGE_CURVE ( 'NONE', #1968, #2033, #441, .T. ) ;
#106 = CARTESIAN_POINT ( 'NONE',  ( -0.4161351297980188102, 0.5017001728748604616, 0.4000000000000004663 ) ) ;
#107 = CARTESIAN_POINT ( 'NONE',  ( -0.6698098026056367171, 0.1587383929890570089, 0.6000000000000005329 ) ) ;
#108 = AXIS2_PLACEMENT_3D ( 'NONE', #310, #1808, #300 ) ;
#109 = CARTESIAN_POINT ( 'NONE',  ( -0.3686164538207661323, 0.1912844257252345193, 0.6689969840115912447 ) ) ;
#110 = CIRCLE ( 'NONE', #837, 0.04829982712513945092 ) ;
#111 = ORIENTED_EDGE ( 'NONE', *, *, #1802, .T. ) ;
#112 = DIRECTION ( 'NONE',  ( 0.06975647374411809987, 0.9975640502598247528, 0.000000000000000000 ) ) ;
#113 = ORIENTED_EDGE ( 'NONE', *, *, #142, .F. ) ;
#114 = CARTESIAN_POINT ( 'NONE',  ( -0.2689969840115916666, 0.2000000000000003719, 3.645588930717703567E-17 ) ) ;
#115 = CIRCLE ( 'NONE', #1427, 0.04829982712513945092 ) ;
#116 = PLANE ( 'NONE',  #488 ) ;
#117 = DIRECTION ( 'NONE',  ( 0.9975640502598246417, 0.06975647374411877988, -0.000000000000000000 ) ) ;
#118 = UNCERTAINTY_MEASURE_WITH_UNIT (LENGTH_MEASURE( 1.000000000000000082E-05 ), #358, 'distance_accuracy_value', 'NONE');
#119 = ORIENTED_EDGE ( 'NONE', *, *, #1633, .F. ) ;
#120 = EDGE_CURVE ( 'NONE', #1053, #1470, #794, .T. ) ;
#121 = LINE ( 'NONE', #784, #320 ) ;
#122 = ADVANCED_FACE ( 'NONE', ( #480 ), #1496, .T. ) ;
#123 = EDGE_LOOP ( 'NONE', ( #813, #431, #432 ) ) ;
#124 = CARTESIAN_POINT ( 'NONE',  ( -0.4161351297980188102, 0.5017001728748604616, -0.5999999999999996447 ) ) ;
#125 = CARTESIAN_POINT ( 'NONE',  ( 0.3886888451340540507, 0.4207129082775999951, 0.6890693753248786635 ) ) ;
#126 = AXIS2_PLACEMENT_3D ( 'NONE', #1435, #1416, #232 ) ;
#127 = LINE ( 'NONE', #1126, #1206 ) ;
#128 = CARTESIAN_POINT ( 'NONE',  ( 0.4644055339734913246, 0.5033858125323456001, -0.1499999999999999944 ) ) ;
#129 = VERTEX_POINT ( 'NONE', #1632 ) ;
#130 = DIRECTION ( 'NONE',  ( 0.000000000000000000, -0.000000000000000000, -1.000000000000000000 ) ) ;
#131 = LINE ( 'NONE', #803, #1297 ) ;
#132 = CIRCLE ( 'NONE', #965, 0.04829982712513945092 ) ;
#133 = VECTOR ( 'NONE', #1965, 1000.000000000000000 ) ;
#134 = EDGE_CURVE ( 'NONE', #2052, #477, #131, .T. ) ;
#135 = CARTESIAN_POINT ( 'NONE',  ( 0.3606301014133342364, 0.1000000000000003664, -0.6689969840115917998 ) ) ;
#136 = DIRECTION ( 'NONE',  ( -1.084202172485503842E-15, 1.000000000000000000, -1.084202172485503842E-15 ) ) ;
#137 = CARTESIAN_POINT ( 'NONE',  ( -0.3999999999999997446, 0.5500000000000000444, 0.6000000000000005329 ) ) ;
#138 = EDGE_CURVE ( 'NONE', #1912, #1764, #471, .T. ) ;
#139 = EDGE_LOOP ( 'NONE', ( #1832, #231, #516, #669 ) ) ;
#140 = CIRCLE ( 'NONE', #1970, 0.1000000000000000472 ) ;
#141 = FACE_OUTER_BOUND ( 'NONE', #1300, .T. ) ;
#142 = EDGE_CURVE ( 'NONE', #2033, #180, #1815, .T. ) ;
#143 = DIRECTION ( 'NONE',  ( 1.000000000000000000, 0.000000000000000000, 0.000000000000000000 ) ) ;
#144 = ORIENTED_EDGE ( 'NONE', *, *, #684, .T. ) ;
#145 = ORIENTED_EDGE ( 'NONE', *, *, #1844, .T. ) ;
#146 = EDGE_CURVE ( 'NONE', #1810, #578, #633, .T. ) ;
#147 = DIRECTION ( 'NONE',  ( -5.421010862427519212E-16, -1.000000000000000000, 0.000000000000000000 ) ) ;
#148 = FACE_OUTER_BOUND ( 'NONE', #999, .T. ) ;
#149 = VERTEX_POINT ( 'NONE', #1105 ) ;
#150 = ADVANCED_FACE ( 'NONE', ( #1825 ), #1658, .T. ) ;
#151 = CARTESIAN_POINT ( 'NONE',  ( -0.3011315471681862976, 0.5414158366685033474, -0.8007510169773607300 ) ) ;
#152 = DIRECTION ( 'NONE',  ( -1.000000000000000000, 0.000000000000000000, 0.000000000000000000 ) ) ;
#153 = ORIENTED_EDGE ( 'NONE', *, *, #1802, .F. ) ;
#154 = DIRECTION ( 'NONE',  ( 0.9975640502598246417, -0.06975647374411877988, 0.000000000000000000 ) ) ;
#155 = CARTESIAN_POINT ( 'NONE',  ( 0.2777458503641843102, 0.7999999999999998224, -0.6777458503641841103 ) ) ;
#156 = ORIENTED_EDGE ( 'NONE', *, *, #601, .F. ) ;
#157 = ADVANCED_FACE ( 'NONE', ( #985 ), #2046, .F. ) ;
#158 = ADVANCED_FACE ( 'NONE', ( #869 ), #854, .T. ) ;
#159 = DIRECTION ( 'NONE',  ( 2.700191139724029233E-16, 0.08715574274765836016, 0.9961946980917455452 ) ) ;
#160 = CARTESIAN_POINT ( 'NONE',  ( 0.4000000000000000777, 0.5500000000000000444, -0.7003805301908252456 ) ) ;
#161 = ORIENTED_EDGE ( 'NONE', *, *, #1542, .T. ) ;
#162 = DIRECTION ( 'NONE',  ( 0.000000000000000000, 1.000000000000000000, 0.000000000000000000 ) ) ;
#163 = CARTESIAN_POINT ( 'NONE',  ( 0.6593463315440190042, 0.009103785450083281064, 0.1499999999999999944 ) ) ;
#164 = ORIENTED_EDGE ( 'NONE', *, *, #1001, .F. ) ;
#165 = CARTESIAN_POINT ( 'NONE',  ( 0.4161351297980188102, 0.5017001728748604616, 0.1000000000000004774 ) ) ;
#166 = AXIS2_PLACEMENT_3D ( 'NONE', #1704, #875, #1390 ) ;
#167 = VERTEX_POINT ( 'NONE', #531 ) ;
#168 = ORIENTED_EDGE ( 'NONE', *, *, #533, .T. ) ;
#169 = ORIENTED_EDGE ( 'NONE', *, *, #98, .T. ) ;
#170 = DIRECTION ( 'NONE',  ( -0.03489949670250110797, 0.9993908270190956511, 0.000000000000000000 ) ) ;
#171 = CARTESIAN_POINT ( 'NONE',  ( -0.3999999999999997446, 0.5500000000000000444, 0.7999999999999994893 ) ) ;
#172 = ADVANCED_FACE ( 'NONE', ( #1197 ), #1547, .T. ) ;
#173 = EDGE_LOOP ( 'NONE', ( #585, #33, #1384, #503, #2171, #1902, #717, #990, #326, #1354, #461, #1922 ) ) ;
#174 = FACE_OUTER_BOUND ( 'NONE', #1695, .T. ) ;
#175 = CARTESIAN_POINT ( 'NONE',  ( -0.6698098026056367171, 0.1587383929890570089, 0.6000000000000005329 ) ) ;
#176 = DIRECTION ( 'NONE',  ( -0.000000000000000000, -0.000000000000000000, -1.000000000000000000 ) ) ;
#177 = ORIENTED_EDGE ( 'NONE', *, *, #1791, .F. ) ;
#178 = CARTESIAN_POINT ( 'NONE',  ( 0.4161351297980188102, 0.5017001728748604616, 0.1000000000000004774 ) ) ;
#179 = EDGE_LOOP ( 'NONE', ( #1110, #1560, #1772, #1668 ) ) ;
#180 = VERTEX_POINT ( 'NONE', #1083 ) ;
#181 =( NAMED_UNIT ( * ) PLANE_ANGLE_UNIT ( ) SI_UNIT ( $, .RADIAN. ) );
#182 = DIRECTION ( 'NONE',  ( 1.000000000000000000, 0.000000000000000000, -2.710505431213760592E-16 ) ) ;
#183 = FACE_OUTER_BOUND ( 'NONE', #1238, .T. ) ;
#184 = VECTOR ( 'NONE', #1121, 1000.000000000000000 ) ;
#185 = DIRECTION ( 'NONE',  ( -1.000000000000000000, -6.136739816269757546E-34, 1.355252715606880543E-16 ) ) ;
#186 = CARTESIAN_POINT ( 'NONE',  ( -0.6143141580263558055, 0.5086207370377207049, 0.6000000000000005329 ) ) ;
#187 = CARTESIAN_POINT ( 'NONE',  ( 0.2951004612465328858, 0.6103514641954518316, -0.7947199310557071517 ) ) ;
#188 = VERTEX_POINT ( 'NONE', #746 ) ;
#189 = DIRECTION ( 'NONE',  ( 0.000000000000000000, -0.000000000000000000, -1.000000000000000000 ) ) ;
#190 = AXIS2_PLACEMENT_3D ( 'NONE', #664, #1337, #620 ) ;
#191 = EDGE_CURVE ( 'NONE', #1258, #1344, #1251, .T. ) ;
#192 = ORIENTED_EDGE ( 'NONE', *, *, #606, .T. ) ;
#193 = ORIENTED_EDGE ( 'NONE', *, *, #981, .F. ) ;
#194 = AXIS2_PLACEMENT_3D ( 'NONE', #1182, #2058, #552 ) ;
#195 = CARTESIAN_POINT ( 'NONE',  ( -0.6731790282283369731, 0.2069205641628604764, -0.5999999999999996447 ) ) ;
#196 =( LENGTH_UNIT ( ) NAMED_UNIT ( * ) SI_UNIT ( .MILLI., .METRE. ) );
#197 = EDGE_LOOP ( 'NONE', ( #169, #800, #1011, #2159 ) ) ;
#198 = PLANE ( 'NONE',  #26 ) ;
#199 = DIRECTION ( 'NONE',  ( 0.000000000000000000, -0.000000000000000000, -1.000000000000000000 ) ) ;
#200 = CARTESIAN_POINT ( 'NONE',  ( -0.6249086240528645142, 0.2052349245053751714, 0.6000000000000005329 ) ) ;
#201 = CARTESIAN_POINT ( 'NONE',  ( -0.8000000000000001554, 0.1496346075389737296, -0.3999999999999995226 ) ) ;
#202 = ORIENTED_EDGE ( 'NONE', *, *, #1454, .F. ) ;
#203 = CARTESIAN_POINT ( 'NONE',  ( -0.4161351297980188102, 0.5500000000000000444, 0.6000000000000005329 ) ) ;
#204 = ORIENTED_EDGE ( 'NONE', *, *, #938, .F. ) ;
#205 = LINE ( 'NONE', #2141, #89 ) ;
#206 = MECHANICAL_DESIGN_GEOMETRIC_PRESENTATION_REPRESENTATION (  '', ( #1364 ), #1152 ) ;
#207 = DIRECTION ( 'NONE',  ( 1.000000000000000000, 0.000000000000000000, 0.000000000000000000 ) ) ;
#208 = DIRECTION ( 'NONE',  ( 1.355252715606881036E-16, 0.000000000000000000, 1.000000000000000000 ) ) ;
#209 = VECTOR ( 'NONE', #776, 1000.000000000000227 ) ;
#210 = LINE ( 'NONE', #51, #1811 ) ;
#211 = CYLINDRICAL_SURFACE ( 'NONE', #467, 0.1000000000000000056 ) ;
#212 = EDGE_CURVE ( 'NONE', #1494, #1367, #2100, .T. ) ;
#213 = CARTESIAN_POINT ( 'NONE',  ( -9.066599793145225737E-17, 0.2000000000000003719, -0.6689969840115917998 ) ) ;
#214 = CARTESIAN_POINT ( 'NONE',  ( -0.6143141580263556945, 0.5086207370377207049, -0.3999999999999995226 ) ) ;
#215 = EDGE_CURVE ( 'NONE', #2015, #1816, #413, .T. ) ;
#216 = VERTEX_POINT ( 'NONE', #1736 ) ;
#217 = ORIENTED_EDGE ( 'NONE', *, *, #821, .T. ) ;
#218 = VECTOR ( 'NONE', #1639, 1000.000000000000000 ) ;
#219 = CARTESIAN_POINT ( 'NONE',  ( 0.7895365289383824425, -1.527135300683080830E-17, -0.1499999999999999944 ) ) ;
#220 = SHAPE_DEFINITION_REPRESENTATION ( #269, #1562 ) ;
#221 = VECTOR ( 'NONE', #88, 1000.000000000000000 ) ;
#222 = ORIENTED_EDGE ( 'NONE', *, *, #469, .T. ) ;
#223 = ADVANCED_FACE ( 'NONE', ( #892 ), #1406, .F. ) ;
#224 = CARTESIAN_POINT ( 'NONE',  ( 0.2689969840115922217, 0.1000000000000003664, 0.7606301014133334260 ) ) ;
#225 = DIRECTION ( 'NONE',  ( 0.000000000000000000, 0.000000000000000000, -1.000000000000000000 ) ) ;
#226 = EDGE_CURVE ( 'NONE', #188, #1428, #1379, .T. ) ;
#227 = DIRECTION ( 'NONE',  ( -0.08682659386424768089, -0.9924325091389670783, -0.08682659386424772252 ) ) ;
#228 = CARTESIAN_POINT ( 'NONE',  ( -0.4644055339734912136, 0.5033858125323456001, 0.6000000000000005329 ) ) ;
#229 = CARTESIAN_POINT ( 'NONE',  ( -0.4750000000000001443, 0.1999999999999999833, -0.3999999999999995226 ) ) ;
#230 = VECTOR ( 'NONE', #885, 1000.000000000000000 ) ;
#231 = ORIENTED_EDGE ( 'NONE', *, *, #1453, .F. ) ;
#232 = DIRECTION ( 'NONE',  ( 0.000000000000000000, 1.000000000000000000, 1.084202172485504434E-15 ) ) ;
#233 = DIRECTION ( 'NONE',  ( 0.000000000000000000, 0.000000000000000000, 1.000000000000000000 ) ) ;
#234 = AXIS2_PLACEMENT_3D ( 'NONE', #781, #1957, #451 ) ;
#235 = EDGE_LOOP ( 'NONE', ( #1746, #345, #1081, #555 ) ) ;
#236 = DIRECTION ( 'NONE',  ( 0.9961946980917455452, 0.08715574274765829077, 0.000000000000000000 ) ) ;
#237 = FACE_OUTER_BOUND ( 'NONE', #672, .T. ) ;
#238 = CARTESIAN_POINT ( 'NONE',  ( -0.6698098026056367171, 0.1587383929890570089, 0.4000000000000004663 ) ) ;
#239 = FACE_OUTER_BOUND ( 'NONE', #970, .T. ) ;
#240 = AXIS2_PLACEMENT_3D ( 'NONE', #1246, #924, #715 ) ;
#241 = ORIENTED_EDGE ( 'NONE', *, *, #1079, .T. ) ;
#242 = CARTESIAN_POINT ( 'NONE',  ( 0.6143141580263558055, 0.5086207370377207049, 0.1000000000000004774 ) ) ;
#243 = ORIENTED_EDGE ( 'NONE', *, *, #932, .T. ) ;
#244 = CARTESIAN_POINT ( 'NONE',  ( -0.3003805301908251679, 0.5500000000000000444, 0.7999999999999994893 ) ) ;
#245 = PRESENTATION_STYLE_ASSIGNMENT (( #1665 ) ) ;
#246 = DIRECTION ( 'NONE',  ( 2.710505431213759606E-16, 0.000000000000000000, 1.000000000000000000 ) ) ;
#247 = DIRECTION ( 'NONE',  ( -0.000000000000000000, 0.000000000000000000, -1.000000000000000000 ) ) ;
#248 = EDGE_CURVE ( 'NONE', #1804, #1786, #861, .T. ) ;
#249 = AXIS2_PLACEMENT_3D ( 'NONE', #1499, #372, #1356 ) ;
#250 = DIRECTION ( 'NONE',  ( 1.000000000000000000, -6.719513174406642122E-15, 0.000000000000000000 ) ) ;
#251 = ORIENTED_EDGE ( 'NONE', *, *, #1975, .T. ) ;
#252 = EDGE_CURVE ( 'NONE', #2142, #66, #1036, .T. ) ;
#253 = DIRECTION ( 'NONE',  ( 0.000000000000000000, 0.08715574274765831853, -0.9961946980917455452 ) ) ;
#254 = EDGE_LOOP ( 'NONE', ( #92, #241, #697, #16 ) ) ;
#255 = CARTESIAN_POINT ( 'NONE',  ( -0.8000000000000001554, 0.1496346075389737296, 0.4000000000000004663 ) ) ;
#256 = VECTOR ( 'NONE', #1618, 1000.000000000000114 ) ;
#257 = CARTESIAN_POINT ( 'NONE',  ( -0.3999999999999997446, 0.5500000000000000444, -0.3999999999999995226 ) ) ;
#258 = CARTESIAN_POINT ( 'NONE',  ( -0.2689969840115917776, 0.1000000000000003664, -0.7606301014133339811 ) ) ;
#259 = EDGE_CURVE ( 'NONE', #350, #841, #2129, .T. ) ;
#260 = VERTEX_POINT ( 'NONE', #877 ) ;
#261 = DIRECTION ( 'NONE',  ( 0.000000000000000000, 0.000000000000000000, 1.000000000000000000 ) ) ;
#262 = EDGE_CURVE ( 'NONE', #404, #1524, #2057, .T. ) ;
#263 = CIRCLE ( 'NONE', #1620, 0.1000000000000000472 ) ;
#264 = ORIENTED_EDGE ( 'NONE', *, *, #925, .F. ) ;
#265 = DIRECTION ( 'NONE',  ( -0.03489949670250146185, -0.9993908270190956511, 0.000000000000000000 ) ) ;
#266 = DIRECTION ( 'NONE',  ( 0.000000000000000000, 0.08715574274765831853, 0.9961946980917455452 ) ) ;
#267 = CIRCLE ( 'NONE', #544, 0.09999999999999997780 ) ;
#268 = DIRECTION ( 'NONE',  ( -5.421010862427519212E-16, 0.000000000000000000, -1.000000000000000000 ) ) ;
#269 = PRODUCT_DEFINITION_SHAPE ( 'NONE', 'NONE',  #774 ) ;
#270 = DIRECTION ( 'NONE',  ( 1.000000000000000000, 0.000000000000000000, 0.000000000000000000 ) ) ;
#271 = EDGE_LOOP ( 'NONE', ( #373, #530, #1573, #408 ) ) ;
#272 = FACE_OUTER_BOUND ( 'NONE', #1519, .T. ) ;
#273 = FACE_OUTER_BOUND ( 'NONE', #1408, .T. ) ;
#274 = CIRCLE ( 'NONE', #338, 0.1982998271251395772 ) ;
#275 = CARTESIAN_POINT ( 'NONE',  ( -0.6731790282283369731, 0.2069205641628604764, -0.3999999999999995226 ) ) ;
#276 = UNCERTAINTY_MEASURE_WITH_UNIT (LENGTH_MEASURE( 1.000000000000000082E-05 ), #1269, 'distance_accuracy_value', 'NONE');
#277 = EDGE_LOOP ( 'NONE', ( #2154, #85, #360, #437, #1335, #119, #288, #1050, #748, #724, #2044, #603 ) ) ;
#278 = EDGE_LOOP ( 'NONE', ( #1322, #1472, #1213, #153 ) ) ;
#279 = CYLINDRICAL_SURFACE ( 'NONE', #1680, 0.1982998271251395772 ) ;
#280 = CARTESIAN_POINT ( 'NONE',  ( -0.3999999999999997446, 0.5500000000000000444, 0.4000000000000004663 ) ) ;
#281 = EDGE_CURVE ( 'NONE', #350, #167, #1134, .T. ) ;
#282 = EDGE_CURVE ( 'NONE', #188, #2090, #1045, .T. ) ;
#283 = CARTESIAN_POINT ( 'NONE',  ( 0.6731790282283369731, 0.2069205641628604764, 0.1000000000000004774 ) ) ;
#284 = COLOUR_RGB ( '',0.7921568627450980005, 0.8196078431372548767, 0.9333333333333333481 ) ;
#285 = ORIENTED_EDGE ( 'NONE', *, *, #1773, .T. ) ;
#286 = CARTESIAN_POINT ( 'NONE',  ( 0.4161351297980188102, 0.5017001728748604616, 0.1499999999999999944 ) ) ;
#287 = AXIS2_PLACEMENT_3D ( 'NONE', #1896, #535, #1372 ) ;
#288 = ORIENTED_EDGE ( 'NONE', *, *, #856, .F. ) ;
#289 = DIRECTION ( 'NONE',  ( -1.000000000000000000, 0.000000000000000000, 0.000000000000000000 ) ) ;
#290 = DIRECTION ( 'NONE',  ( 2.700191139724029233E-16, -0.08715574274765836016, 0.9961946980917455452 ) ) ;
#291 = CARTESIAN_POINT ( 'NONE',  ( -0.2777458503641839216, 0.7999999999999998224, 0.6777458503641836662 ) ) ;
#292 = DIRECTION ( 'NONE',  ( -1.000000000000000000, -0.000000000000000000, -0.000000000000000000 ) ) ;
#293 = VECTOR ( 'NONE', #352, 1000.000000000000000 ) ;
#294 = ORIENTED_EDGE ( 'NONE', *, *, #1961, .T. ) ;
#295 = PLANE ( 'NONE',  #574 ) ;
#296 = EDGE_CURVE ( 'NONE', #485, #350, #210, .T. ) ;
#297 = CARTESIAN_POINT ( 'NONE',  ( -0.3011315471681862976, 0.5327002623937374670, -0.7011315471681862643 ) ) ;
#298 = EDGE_CURVE ( 'NONE', #1701, #1494, #1925, .T. ) ;
#299 = FACE_OUTER_BOUND ( 'NONE', #1840, .T. ) ;
#300 = DIRECTION ( 'NONE',  ( 0.9961946980917455452, 0.08715574274765827689, 0.000000000000000000 ) ) ;
#301 = CIRCLE ( 'NONE', #1533, 0.09999999999999999167 ) ;
#302 = FACE_OUTER_BOUND ( 'NONE', #1892, .T. ) ;
#303 = ORIENTED_EDGE ( 'NONE', *, *, #709, .T. ) ;
#304 = FACE_OUTER_BOUND ( 'NONE', #1550, .T. ) ;
#305 = CARTESIAN_POINT ( 'NONE',  ( -0.4161351297980188657, 0.7000000000000000666, 0.4000000000000004663 ) ) ;
#306 = PRESENTATION_LAYER_ASSIGNMENT (  '', '', ( #1049 ) ) ;
#307 = VERTEX_POINT ( 'NONE', #75 ) ;
#308 = VECTOR ( 'NONE', #1793, 1000.000000000000000 ) ;
#309 = DIRECTION ( 'NONE',  ( -0.000000000000000000, -0.000000000000000000, -1.000000000000000000 ) ) ;
#310 = CARTESIAN_POINT ( 'NONE',  ( 0.2890693753248794740, 0.6705715174476342133, 0.6890693753248782194 ) ) ;
#311 = LINE ( 'NONE', #1460, #2008 ) ;
#312 = ORIENTED_EDGE ( 'NONE', *, *, #2167, .T. ) ;
#313 = DIRECTION ( 'NONE',  ( 0.000000000000000000, -0.000000000000000000, -1.000000000000000000 ) ) ;
#314 = AXIS2_PLACEMENT_3D ( 'NONE', #1515, #1676, #225 ) ;
#315 = EDGE_CURVE ( 'NONE', #1053, #1816, #301, .T. ) ;
#316 = ORIENTED_EDGE ( 'NONE', *, *, #2051, .F. ) ;
#317 = LINE ( 'NONE', #1523, #907 ) ;
#318 = CARTESIAN_POINT ( 'NONE',  ( 0.2777458503641844212, 0.7999999999999998224, -0.6777458503641841103 ) ) ;
#319 = ORIENTED_EDGE ( 'NONE', *, *, #381, .T. ) ;
#320 = VECTOR ( 'NONE', #130, 1000.000000000000000 ) ;
#321 = CARTESIAN_POINT ( 'NONE',  ( -0.6731790282283369731, 0.2069205641628604764, 0.6000000000000005329 ) ) ;
#322 = DIRECTION ( 'NONE',  ( -0.000000000000000000, -0.000000000000000000, -1.000000000000000000 ) ) ;
#323 = EDGE_LOOP ( 'NONE', ( #976, #517, #765, #680 ) ) ;
#324 = FACE_OUTER_BOUND ( 'NONE', #1823, .T. ) ;
#325 = ADVANCED_FACE ( 'NONE', ( #1244 ), #1232, .T. ) ;
#326 = ORIENTED_EDGE ( 'NONE', *, *, #191, .F. ) ;
#327 = ORIENTED_EDGE ( 'NONE', *, *, #1768, .F. ) ;
#328 = CARTESIAN_POINT ( 'NONE',  ( 0.3999999999999997446, 0.5500000000000000444, 0.1499999999999999944 ) ) ;
#329 = FACE_OUTER_BOUND ( 'NONE', #2107, .T. ) ;
#330 = FACE_OUTER_BOUND ( 'NONE', #1135, .T. ) ;
#331 = ORIENTED_EDGE ( 'NONE', *, *, #538, .T. ) ;
#332 = DIRECTION ( 'NONE',  ( 1.000000000000000000, 0.000000000000000000, -0.000000000000000000 ) ) ;
#333 = AXIS2_PLACEMENT_3D ( 'NONE', #1469, #1881, #1702 ) ;
#334 = CARTESIAN_POINT ( 'NONE',  ( 0.6731790282283369731, 0.2069205641628604764, 0.1499999999999999944 ) ) ;
#335 = DIRECTION ( 'NONE',  ( -0.000000000000000000, -0.000000000000000000, -1.000000000000000000 ) ) ;
#336 = VERTEX_POINT ( 'NONE', #880 ) ;
#337 = CARTESIAN_POINT ( 'NONE',  ( 0.8000000000000001554, 0.1496346075389737296, 0.1000000000000004774 ) ) ;
#338 = AXIS2_PLACEMENT_3D ( 'NONE', #1599, #2084, #1906 ) ;
#339 = ORIENTED_EDGE ( 'NONE', *, *, #1035, .F. ) ;
#340 = ORIENTED_EDGE ( 'NONE', *, *, #1490, .F. ) ;
#341 = SURFACE_STYLE_USAGE ( .BOTH. , #1507 ) ;
#342 = CARTESIAN_POINT ( 'NONE',  ( -0.2689969840115915556, 0.2000000000000003719, 0.6689969840115912447 ) ) ;
#343 = DIRECTION ( 'NONE',  ( -0.08715574274765806873, -0.9961946980917455452, 0.000000000000000000 ) ) ;
#344 = CIRCLE ( 'NONE', #621, 0.09999999999999997780 ) ;
#345 = ORIENTED_EDGE ( 'NONE', *, *, #98, .F. ) ;
#346 = ORIENTED_EDGE ( 'NONE', *, *, #562, .F. ) ;
#347 = CARTESIAN_POINT ( 'NONE',  ( 0.4000000000000005773, 0.5499999999999994893, 0.7588276935625302144 ) ) ;
#348 = CARTESIAN_POINT ( 'NONE',  ( -0.3999999999999999667, 0.5500000000000000444, -0.7999999999999998224 ) ) ;
#349 = EDGE_CURVE ( 'NONE', #2062, #1968, #1059, .T. ) ;
#350 = VERTEX_POINT ( 'NONE', #1745 ) ;
#351 = CARTESIAN_POINT ( 'NONE',  ( -0.3999999999999999667, 0.5500000000000000444, -0.7003805301908252456 ) ) ;
#352 = DIRECTION ( 'NONE',  ( -1.000000000000000000, -0.000000000000000000, -0.000000000000000000 ) ) ;
#353 = AXIS2_PLACEMENT_3D ( 'NONE', #1093, #1765, #266 ) ;
#354 = ORIENTED_EDGE ( 'NONE', *, *, #942, .T. ) ;
#355 = ORIENTED_EDGE ( 'NONE', *, *, #1224, .F. ) ;
#356 = ORIENTED_EDGE ( 'NONE', *, *, #444, .F. ) ;
#357 = DIRECTION ( 'NONE',  ( 0.000000000000000000, 0.000000000000000000, 1.000000000000000000 ) ) ;
#358 =( LENGTH_UNIT ( ) NAMED_UNIT ( * ) SI_UNIT ( .MILLI., .METRE. ) );
#359 = AXIS2_PLACEMENT_3D ( 'NONE', #297, #1146, #960 ) ;
#360 = ORIENTED_EDGE ( 'NONE', *, *, #780, .F. ) ;
#361 = DIRECTION ( 'NONE',  ( 0.9975640502598246417, 0.06975647374411877988, -0.000000000000000000 ) ) ;
#362 = DIRECTION ( 'NONE',  ( 0.000000000000000000, 1.000000000000000000, -0.000000000000000000 ) ) ;
#363 = DIRECTION ( 'NONE',  ( 1.000000000000000000, 0.000000000000000000, -1.355252715606881282E-16 ) ) ;
#364 = PLANE ( 'NONE',  #766 ) ;
#365 = DIRECTION ( 'NONE',  ( 0.03489949670250198921, 0.9993908270190956511, -0.000000000000000000 ) ) ;
#366 = CARTESIAN_POINT ( 'NONE',  ( -0.3011315471681862976, 0.5672997376062626218, -0.7011315471681862643 ) ) ;
#367 = VECTOR ( 'NONE', #1582, 1000.000000000000114 ) ;
#368 = ADVANCED_FACE ( 'NONE', ( #239 ), #1921, .F. ) ;
#369 = ORIENTED_EDGE ( 'NONE', *, *, #1079, .F. ) ;
#370 = VERTEX_POINT ( 'NONE', #63 ) ;
#371 = VECTOR ( 'NONE', #1090, 1000.000000000000000 ) ;
#372 = DIRECTION ( 'NONE',  ( -0.06975647374411879376, 0.9975640502598247528, 0.000000000000000000 ) ) ;
#373 = ORIENTED_EDGE ( 'NONE', *, *, #1571, .T. ) ;
#374 = CARTESIAN_POINT ( 'NONE',  ( -0.3868767004711111679, 0.7000000000000000666, -0.3999999999999995226 ) ) ;
#375 = EDGE_CURVE ( 'NONE', #404, #547, #1735, .T. ) ;
#376 = DIRECTION ( 'NONE',  ( 0.000000000000000000, 0.000000000000000000, 1.000000000000000000 ) ) ;
#377 = DIRECTION ( 'NONE',  ( -1.000000000000000000, -0.000000000000000000, 1.355252715606880543E-16 ) ) ;
#378 = EDGE_CURVE ( 'NONE', #440, #216, #723, .T. ) ;
#379 = DIRECTION ( 'NONE',  ( 0.08682659386424787518, -0.9924325091389670783, 0.08682659386424772252 ) ) ;
#380 = DIRECTION ( 'NONE',  ( 1.000000000000000000, 0.000000000000000000, 0.000000000000000000 ) ) ;
#381 = EDGE_CURVE ( 'NONE', #542, #1443, #1405, .T. ) ;
#382 = ORIENTED_EDGE ( 'NONE', *, *, #1039, .T. ) ;
#383 = ORIENTED_EDGE ( 'NONE', *, *, #1226, .T. ) ;
#384 = CARTESIAN_POINT ( 'NONE',  ( 0.2689969840115922217, 0.2000000000000003719, 0.6689969840115911337 ) ) ;
#385 = ADVANCED_FACE ( 'NONE', ( #1933 ), #1754, .T. ) ;
#386 = PRODUCT_CONTEXT ( 'NONE', #1586, 'mechanical' ) ;
#387 = EDGE_LOOP ( 'NONE', ( #894, #1666, #7, #1450 ) ) ;
#388 = VERTEX_POINT ( 'NONE', #422 ) ;
#389 = DIRECTION ( 'NONE',  ( 0.06975647374411809987, -0.9975640502598247528, 0.000000000000000000 ) ) ;
#390 = DIRECTION ( 'NONE',  ( -0.000000000000000000, -0.000000000000000000, -1.000000000000000000 ) ) ;
#391 = CARTESIAN_POINT ( 'NONE',  ( 0.2777458503641845877, 0.7999999999999998224, 0.6777458503641833332 ) ) ;
#392 = DIRECTION ( 'NONE',  ( 1.000000000000000000, 0.000000000000000000, 0.000000000000000000 ) ) ;
#393 = CARTESIAN_POINT ( 'NONE',  ( 0.2689969840115918887, 0.2000000000000003719, -0.6689969840115917998 ) ) ;
#394 = EDGE_CURVE ( 'NONE', #982, #129, #2078, .T. ) ;
#395 = VERTEX_POINT ( 'NONE', #412 ) ;
#396 = AXIS2_PLACEMENT_3D ( 'NONE', #1476, #1317, #640 ) ;
#397 = CARTESIAN_POINT ( 'NONE',  ( -0.4161351297980188657, 0.7000000000000000666, -0.3999999999999995226 ) ) ;
#398 = VECTOR ( 'NONE', #2055, 1000.000000000000227 ) ;
#399 = VERTEX_POINT ( 'NONE', #1709 ) ;
#400 = CYLINDRICAL_SURFACE ( 'NONE', #1608, 0.1982998271251394107 ) ;
#401 = CARTESIAN_POINT ( 'NONE',  ( 0.3686164538207665209, 0.1912844257252345193, -0.6689969840115916888 ) ) ;
#402 = DIRECTION ( 'NONE',  ( -0.08682659386424777803, -0.9924325091389670783, 0.08682659386424772252 ) ) ;
#403 = CIRCLE ( 'NONE', #1838, 0.1000000000000000056 ) ;
#404 = VERTEX_POINT ( 'NONE', #1543 ) ;
#405 = DIRECTION ( 'NONE',  ( 0.000000000000000000, 0.000000000000000000, 1.000000000000000000 ) ) ;
#406 = EDGE_CURVE ( 'NONE', #336, #840, #102, .T. ) ;
#407 = PLANE ( 'NONE',  #540 ) ;
#408 = ORIENTED_EDGE ( 'NONE', *, *, #62, .F. ) ;
#409 = EDGE_CURVE ( 'NONE', #1481, #1863, #1684, .T. ) ;
#410 = DIRECTION ( 'NONE',  ( 2.032879073410321800E-16, 0.000000000000000000, 1.000000000000000000 ) ) ;
#411 = FACE_OUTER_BOUND ( 'NONE', #387, .T. ) ;
#412 = CARTESIAN_POINT ( 'NONE',  ( -0.6698098026056367171, 0.1587383929890570089, -0.3999999999999995226 ) ) ;
#413 = CIRCLE ( 'NONE', #1077, 0.1000000000000000472 ) ;
#414 = DIRECTION ( 'NONE',  ( -1.000000000000000000, 0.000000000000000000, 0.000000000000000000 ) ) ;
#415 = ORIENTED_EDGE ( 'NONE', *, *, #1737, .F. ) ;
#416 = CARTESIAN_POINT ( 'NONE',  ( -0.4161351297980188102, 0.5017001728748604616, 0.6000000000000005329 ) ) ;
#417 = VECTOR ( 'NONE', #170, 1000.000000000000227 ) ;
#418 = FACE_OUTER_BOUND ( 'NONE', #173, .T. ) ;
#419 = CIRCLE ( 'NONE', #658, 0.04829982712513945092 ) ;
#420 = MANIFOLD_SOLID_BREP ( 'Boss-Extrude4', #2064 ) ;
#421 = ORIENTED_EDGE ( 'NONE', *, *, #1453, .T. ) ;
#422 = CARTESIAN_POINT ( 'NONE',  ( -0.2777458503641841991, 0.8999999999999999112, -0.6777458503641841103 ) ) ;
#423 = ORIENTED_EDGE ( 'NONE', *, *, #1490, .T. ) ;
#424 = VECTOR ( 'NONE', #1163, 1000.000000000000227 ) ;
#425 = ORIENTED_EDGE ( 'NONE', *, *, #1068, .T. ) ;
#426 = MECHANICAL_DESIGN_GEOMETRIC_PRESENTATION_REPRESENTATION (  '', ( #490 ), #1556 ) ;
#427 = DIRECTION ( 'NONE',  ( 0.000000000000000000, 0.08715574274765831853, -0.9961946980917455452 ) ) ;
#428 = VECTOR ( 'NONE', #390, 1000.000000000000000 ) ;
#429 = LINE ( 'NONE', #1927, #764 ) ;
#430 = CARTESIAN_POINT ( 'NONE',  ( 0.2689969840115919442, 0.2000000000000003719, -0.6689969840115917998 ) ) ;
#431 = ORIENTED_EDGE ( 'NONE', *, *, #1429, .T. ) ;
#432 = ORIENTED_EDGE ( 'NONE', *, *, #1318, .F. ) ;
#433 = LINE ( 'NONE', #767, #1261 ) ;
#434 = FACE_OUTER_BOUND ( 'NONE', #668, .T. ) ;
#435 = SURFACE_STYLE_FILL_AREA ( #2130 ) ;
#436 = DIRECTION ( 'NONE',  ( 0.000000000000000000, -0.08715574274765831853, -0.9961946980917455452 ) ) ;
#437 = ORIENTED_EDGE ( 'NONE', *, *, #1887, .F. ) ;
#438 = EDGE_CURVE ( 'NONE', #1524, #927, #132, .T. ) ;
#439 = CLOSED_SHELL ( 'NONE', ( #871, #506, #2157, #1147, #795, #489, #94, #1944, #1402, #1935, #751, #223, #1222, #1567 ) ) ;
#440 = VERTEX_POINT ( 'NONE', #328 ) ;
#441 = LINE ( 'NONE', #1789, #184 ) ;
#442 = MANIFOLD_SOLID_BREP ( 'Fillet1', #997 ) ;
#443 = EDGE_CURVE ( 'NONE', #1189, #1441, #618, .T. ) ;
#444 = EDGE_CURVE ( 'NONE', #791, #1701, #1492, .T. ) ;
#445 = ORIENTED_EDGE ( 'NONE', *, *, #1115, .F. ) ;
#446 = EDGE_CURVE ( 'NONE', #1359, #1936, #782, .T. ) ;
#447 = CARTESIAN_POINT ( 'NONE',  ( 0.6731790282283369731, 0.2069205641628604764, -0.1499999999999999944 ) ) ;
#448 = FACE_OUTER_BOUND ( 'NONE', #1673, .T. ) ;
#449 = AXIS2_PLACEMENT_3D ( 'NONE', #1663, #1526, #720 ) ;
#450 = DIRECTION ( 'NONE',  ( 1.000000000000000000, 0.000000000000000000, 0.000000000000000000 ) ) ;
#451 = DIRECTION ( 'NONE',  ( -1.000000000000000000, 0.000000000000000000, 0.000000000000000000 ) ) ;
#452 = EDGE_LOOP ( 'NONE', ( #604, #193, #673, #1098 ) ) ;
#453 = DIRECTION ( 'NONE',  ( -1.000000000000000000, 0.000000000000000000, 0.000000000000000000 ) ) ;
#454 = ORIENTED_EDGE ( 'NONE', *, *, #913, .F. ) ;
#455 = LINE ( 'NONE', #1774, #2040 ) ;
#456 = DIRECTION ( 'NONE',  ( 0.06975647374411868273, -0.9975640502598247528, 0.000000000000000000 ) ) ;
#457 = DIRECTION ( 'NONE',  ( 1.000000000000000000, 5.421010862427520198E-16, -5.877471754111433161E-31 ) ) ;
#458 = CARTESIAN_POINT ( 'NONE',  ( 0.2777458503641842547, 0.7999999999999998224, -0.6777458503641842213 ) ) ;
#459 = VECTOR ( 'NONE', #185, 1000.000000000000000 ) ;
#460 = CARTESIAN_POINT ( 'NONE',  ( -0.2777458503641839771, 0.8999999999999999112, 0.7693789677659260695 ) ) ;
#461 = ORIENTED_EDGE ( 'NONE', *, *, #637, .F. ) ;
#462 = CARTESIAN_POINT ( 'NONE',  ( -0.2777458503641840326, 0.7999999999999998224, 0.6777458503641836662 ) ) ;
#463 = VECTOR ( 'NONE', #112, 1000.000000000000000 ) ;
#464 = FACE_OUTER_BOUND ( 'NONE', #1029, .T. ) ;
#465 = CARTESIAN_POINT ( 'NONE',  ( -0.7895365289383824425, -1.527135300683080830E-17, -0.5999999999999996447 ) ) ;
#466 = DIRECTION ( 'NONE',  ( 0.08715574274765806873, -0.9961946980917455452, 0.000000000000000000 ) ) ;
#467 = AXIS2_PLACEMENT_3D ( 'NONE', #878, #1221, #1601 ) ;
#468 = ORIENTED_EDGE ( 'NONE', *, *, #375, .T. ) ;
#469 = EDGE_CURVE ( 'NONE', #1615, #868, #1478, .T. ) ;
#470 = CARTESIAN_POINT ( 'NONE',  ( -0.4161351297980188657, 0.7000000000000000666, -0.5999999999999996447 ) ) ;
#471 = LINE ( 'NONE', #2156, #918 ) ;
#472 = DIRECTION ( 'NONE',  ( 0.9993908270190957621, 0.03489949670250199615, 0.000000000000000000 ) ) ;
#473 = LINE ( 'NONE', #1458, #2050 ) ;
#474 = ADVANCED_FACE ( 'NONE', ( #2132 ), #2152, .F. ) ;
#475 = PLANE ( 'NONE',  #978 ) ;
#476 = MANIFOLD_SOLID_BREP ( 'Boss-Extrude5', #1493 ) ;
#477 = VERTEX_POINT ( 'NONE', #1778 ) ;
#478 = CARTESIAN_POINT ( 'NONE',  ( -0.2689969840115915556, 0.2000000000000003719, 0.6689969840115914668 ) ) ;
#479 = ADVANCED_FACE ( 'NONE', ( #937 ), #364, .F. ) ;
#480 = FACE_OUTER_BOUND ( 'NONE', #772, .T. ) ;
#481 = EDGE_LOOP ( 'NONE', ( #1868, #1368, #217, #1267 ) ) ;
#482 = CIRCLE ( 'NONE', #1365, 0.1000000000000000056 ) ;
#483 = DIRECTION ( 'NONE',  ( -0.000000000000000000, -0.000000000000000000, -1.000000000000000000 ) ) ;
#484 = CARTESIAN_POINT ( 'NONE',  ( 0.2777458503641843102, 0.8999999999999999112, -0.7693789677659264026 ) ) ;
#485 = VERTEX_POINT ( 'NONE', #1289 ) ;
#486 = CARTESIAN_POINT ( 'NONE',  ( -0.6698098026056367171, 0.1587383929890570089, 0.6000000000000005329 ) ) ;
#487 = ORIENTED_EDGE ( 'NONE', *, *, #541, .F. ) ;
#488 = AXIS2_PLACEMENT_3D ( 'NONE', #107, #456, #1295 ) ;
#489 = ADVANCED_FACE ( 'NONE', ( #1080 ), #65, .F. ) ;
#490 = STYLED_ITEM ( 'NONE', ( #245 ), #476 ) ;
#491 = DIRECTION ( 'NONE',  ( -1.000000000000000000, -0.000000000000000000, 1.355252715606880543E-16 ) ) ;
#492 = VECTOR ( 'NONE', #1706, 1000.000000000000114 ) ;
#493 = ORIENTED_EDGE ( 'NONE', *, *, #627, .F. ) ;
#494 = EDGE_LOOP ( 'NONE', ( #1605, #1086, #1511, #648, #1186, #204, #1850, #1688, #454, #113, #1119, #911 ) ) ;
#495 = ORIENTED_EDGE ( 'NONE', *, *, #1952, .T. ) ;
#496 = CARTESIAN_POINT ( 'NONE',  ( 0.7895365289383824425, -1.527135300683080830E-17, -0.1499999999999999944 ) ) ;
#497 = AXIS2_PLACEMENT_3D ( 'NONE', #397, #1452, #1407 ) ;
#498 = DIRECTION ( 'NONE',  ( -0.000000000000000000, -0.000000000000000000, -1.000000000000000000 ) ) ;
#499 = FILL_AREA_STYLE_COLOUR ( '', #284 ) ;
#500 = ORIENTED_EDGE ( 'NONE', *, *, #1068, .F. ) ;
#501 = DIRECTION ( 'NONE',  ( 1.000000000000000000, 0.000000000000000000, -0.000000000000000000 ) ) ;
#502 = VECTOR ( 'NONE', #1734, 1000.000000000000000 ) ;
#503 = ORIENTED_EDGE ( 'NONE', *, *, #884, .F. ) ;
#504 = VERTEX_POINT ( 'NONE', #1552 ) ;
#505 = VERTEX_POINT ( 'NONE', #24 ) ;
#506 = ADVANCED_FACE ( 'NONE', ( #522 ), #1870, .F. ) ;
#507 = DIRECTION ( 'NONE',  ( -0.000000000000000000, -0.000000000000000000, -1.000000000000000000 ) ) ;
#508 = DIRECTION ( 'NONE',  ( 0.08715574274765808260, -0.9961946980917455452, 0.000000000000000000 ) ) ;
#509 = EDGE_CURVE ( 'NONE', #2142, #679, #1203, .T. ) ;
#510 = ORIENTED_EDGE ( 'NONE', *, *, #712, .F. ) ;
#511 = DIRECTION ( 'NONE',  ( -1.000000000000000000, 0.000000000000000000, 0.000000000000000000 ) ) ;
#512 = DIRECTION ( 'NONE',  ( -0.000000000000000000, -0.000000000000000000, -1.000000000000000000 ) ) ;
#513 = VECTOR ( 'NONE', #1886, 1000.000000000000000 ) ;
#514 = EDGE_LOOP ( 'NONE', ( #1173, #1461, #807, #222 ) ) ;
#515 = DIRECTION ( 'NONE',  ( -0.08682659386424780579, 0.9924325091389670783, -0.08682659386424777803 ) ) ;
#516 = ORIENTED_EDGE ( 'NONE', *, *, #721, .F. ) ;
#517 = ORIENTED_EDGE ( 'NONE', *, *, #1885, .T. ) ;
#518 = VERTEX_POINT ( 'NONE', #1882 ) ;
#519 = FACE_OUTER_BOUND ( 'NONE', #1847, .T. ) ;
#520 = DIRECTION ( 'NONE',  ( 0.08715574274765808260, 0.9961946980917455452, -0.000000000000000000 ) ) ;
#521 = FACE_OUTER_BOUND ( 'NONE', #825, .T. ) ;
#522 = FACE_OUTER_BOUND ( 'NONE', #971, .T. ) ;
#523 = LINE ( 'NONE', #1846, #2115 ) ;
#524 = ADVANCED_FACE ( 'NONE', ( #1043 ), #35, .F. ) ;
#525 = DIRECTION ( 'NONE',  ( 0.000000000000000000, -1.000000000000000000, -1.084202172485503842E-15 ) ) ;
#526 = DIRECTION ( 'NONE',  ( 0.06975647374411809987, 0.9975640502598247528, 0.000000000000000000 ) ) ;
#527 = AXIS2_PLACEMENT_3D ( 'NONE', #45, #1003, #1894 ) ;
#528 = ORIENTED_EDGE ( 'NONE', *, *, #378, .T. ) ;
#529 = EDGE_CURVE ( 'NONE', #518, #504, #1032, .T. ) ;
#530 = ORIENTED_EDGE ( 'NONE', *, *, #821, .F. ) ;
#531 = CARTESIAN_POINT ( 'NONE',  ( 0.2777458503641845877, 0.8999999999999999112, 0.6777458503641834442 ) ) ;
#532 = CARTESIAN_POINT ( 'NONE',  ( -0.3999999999999997446, 0.5500000000000000444, 0.6000000000000005329 ) ) ;
#533 = EDGE_CURVE ( 'NONE', #1936, #1659, #703, .T. ) ;
#534 = ORIENTED_EDGE ( 'NONE', *, *, #215, .T. ) ;
#535 = DIRECTION ( 'NONE',  ( 1.000000000000000000, 0.000000000000000000, 0.000000000000000000 ) ) ;
#536 = DIRECTION ( 'NONE',  ( 1.000000000000000000, 0.000000000000000000, 0.000000000000000000 ) ) ;
#537 = CARTESIAN_POINT ( 'NONE',  ( -0.3999999999999997446, 0.5500000000000000444, 0.7003805301908249126 ) ) ;
#538 = EDGE_CURVE ( 'NONE', #1814, #1503, #1501, .T. ) ;
#539 = CARTESIAN_POINT ( 'NONE',  ( -0.6143141580263558055, 0.5086207370377207049, -0.5999999999999996447 ) ) ;
#540 = AXIS2_PLACEMENT_3D ( 'NONE', #286, #1738, #1247 ) ;
#541 = EDGE_CURVE ( 'NONE', #388, #1786, #598, .T. ) ;
#542 = VERTEX_POINT ( 'NONE', #1845 ) ;
#543 = ORIENTED_EDGE ( 'NONE', *, *, #296, .T. ) ;
#544 = AXIS2_PLACEMENT_3D ( 'NONE', #291, #948, #642 ) ;
#545 = DIRECTION ( 'NONE',  ( -0.03489949670250146185, -0.9993908270190956511, 0.000000000000000000 ) ) ;
#546 = VERTEX_POINT ( 'NONE', #687 ) ;
#547 = VERTEX_POINT ( 'NONE', #1361 ) ;
#548 = CARTESIAN_POINT ( 'NONE',  ( -0.4161351297980188102, 0.5017001728748604616, 0.6000000000000005329 ) ) ;
#549 = DIRECTION ( 'NONE',  ( 1.000000000000000000, 0.000000000000000000, -2.710505431213760592E-16 ) ) ;
#550 = EDGE_CURVE ( 'NONE', #1876, #1004, #817, .T. ) ;
#551 = EDGE_CURVE ( 'NONE', #1659, #1299, #859, .T. ) ;
#552 = DIRECTION ( 'NONE',  ( -1.000000000000000000, 0.000000000000000000, 0.000000000000000000 ) ) ;
#553 =( BOUNDED_CURVE ( )  B_SPLINE_CURVE ( 3, ( #2138, #796, #1113, #1446 ),
 .UNSPECIFIED., .F., .F. ) 
 B_SPLINE_CURVE_WITH_KNOTS ( ( 4, 4 ),
 ( 5.501585242055418767, 7.064785372303753697 ),
 .UNSPECIFIED. ) 
 CURVE ( )  GEOMETRIC_REPRESENTATION_ITEM ( )  RATIONAL_B_SPLINE_CURVE ( ( 1.000000000000000000, 0.8065248903853478035, 0.8065248903853478035, 1.000000000000000000 ) ) 
 REPRESENTATION_ITEM ( '' )  );
#554 = CIRCLE ( 'NONE', #1106, 0.1982998271251394107 ) ;
#555 = ORIENTED_EDGE ( 'NONE', *, *, #1576, .F. ) ;
#556 = DIRECTION ( 'NONE',  ( 1.000000000000000000, -0.000000000000000000, 0.000000000000000000 ) ) ;
#557 = CARTESIAN_POINT ( 'NONE',  ( 0.4750000000000001443, 0.1999999999999999833, 0.1000000000000004774 ) ) ;
#558 = ORIENTED_EDGE ( 'NONE', *, *, #605, .F. ) ;
#559 = FACE_OUTER_BOUND ( 'NONE', #1041, .T. ) ;
#560 = DIRECTION ( 'NONE',  ( -1.000000000000000000, 0.000000000000000000, 2.710505431213760592E-16 ) ) ;
#561 = FACE_OUTER_BOUND ( 'NONE', #636, .T. ) ;
#562 = EDGE_CURVE ( 'NONE', #685, #56, #1017, .T. ) ;
#563 = CARTESIAN_POINT ( 'NONE',  ( 0.6698098026056367171, 0.1587383929890570089, 0.1000000000000004774 ) ) ;
#564 = ORIENTED_EDGE ( 'NONE', *, *, #2110, .F. ) ;
#565 = VECTOR ( 'NONE', #2109, 1000.000000000000227 ) ;
#566 = FACE_OUTER_BOUND ( 'NONE', #582, .T. ) ;
#567 = CIRCLE ( 'NONE', #1650, 0.09999999999999999167 ) ;
#568 = ORIENTED_EDGE ( 'NONE', *, *, #1813, .T. ) ;
#569 = LINE ( 'NONE', #749, #1007 ) ;
#570 = DIRECTION ( 'NONE',  ( 0.06975647374411868273, -0.9975640502598247528, 0.000000000000000000 ) ) ;
#571 = VECTOR ( 'NONE', #1805, 1000.000000000000000 ) ;
#572 = LINE ( 'NONE', #1243, #2022 ) ;
#573 = DIRECTION ( 'NONE',  ( -1.000000000000000000, 0.000000000000000000, -1.084202172485504434E-15 ) ) ;
#574 = AXIS2_PLACEMENT_3D ( 'NONE', #2155, #1495, #792 ) ;
#575 = CARTESIAN_POINT ( 'NONE',  ( -0.2689969840115917776, 0.2000000000000003719, -0.6689969840115916888 ) ) ;
#576 = CYLINDRICAL_SURFACE ( 'NONE', #1877, 0.09999999999999997780 ) ;
#577 = AXIS2_PLACEMENT_3D ( 'NONE', #1070, #1744, #247 ) ;
#578 = VERTEX_POINT ( 'NONE', #1346 ) ;
#579 = DIRECTION ( 'NONE',  ( -0.000000000000000000, -0.000000000000000000, -1.000000000000000000 ) ) ;
#580 = DIRECTION ( 'NONE',  ( -0.000000000000000000, -0.000000000000000000, -1.000000000000000000 ) ) ;
#581 = FACE_OUTER_BOUND ( 'NONE', #2145, .T. ) ;
#582 = EDGE_LOOP ( 'NONE', ( #104, #1388, #1091, #735, #693, #1711, #2032, #753, #161, #251, #1096, #528 ) ) ;
#583 = DIRECTION ( 'NONE',  ( 0.9961946980917455452, -0.08715574274765831853, 0.000000000000000000 ) ) ;
#584 = AXIS2_PLACEMENT_3D ( 'NONE', #862, #227, #1873 ) ;
#585 = ORIENTED_EDGE ( 'NONE', *, *, #865, .F. ) ;
#586 = DIRECTION ( 'NONE',  ( 0.000000000000000000, -0.000000000000000000, -1.000000000000000000 ) ) ;
#587 = EDGE_LOOP ( 'NONE', ( #1895, #1082, #1757, #2116 ) ) ;
#588 = DIRECTION ( 'NONE',  ( 0.06975647374411809987, -0.9975640502598247528, 0.000000000000000000 ) ) ;
#589 = DIRECTION ( 'NONE',  ( 1.000000000000000000, -0.000000000000000000, -0.000000000000000000 ) ) ;
#590 = DIRECTION ( 'NONE',  ( -1.355252715606881036E-16, -0.000000000000000000, -1.000000000000000000 ) ) ;
#591 = VECTOR ( 'NONE', #579, 1000.000000000000000 ) ;
#592 = EDGE_CURVE ( 'NONE', #1397, #1876, #1180, .T. ) ;
#593 = ORIENTED_EDGE ( 'NONE', *, *, #913, .T. ) ;
#594 = ADVANCED_FACE ( 'NONE', ( #699 ), #1167, .T. ) ;
#595 = PRODUCT ( 'MMBT3904RFG', 'MMBT3904RFG', '', ( #386 ) ) ;
#596 = VECTOR ( 'NONE', #1626, 1000.000000000000000 ) ;
#597 = ORIENTED_EDGE ( 'NONE', *, *, #134, .T. ) ;
#598 = CIRCLE ( 'NONE', #166, 0.1000000000000000472 ) ;
#599 = CYLINDRICAL_SURFACE ( 'NONE', #1821, 0.04829982712513945092 ) ;
#600 =( LENGTH_UNIT ( ) NAMED_UNIT ( * ) SI_UNIT ( .MILLI., .METRE. ) );
#601 = EDGE_CURVE ( 'NONE', #129, #1481, #1577, .T. ) ;
#602 = CARTESIAN_POINT ( 'NONE',  ( -0.6143141580263558055, 0.5086207370377207049, -0.3999999999999995226 ) ) ;
#603 = ORIENTED_EDGE ( 'NONE', *, *, #1464, .F. ) ;
#604 = ORIENTED_EDGE ( 'NONE', *, *, #1218, .T. ) ;
#605 = EDGE_CURVE ( 'NONE', #2073, #1280, #554, .T. ) ;
#606 = EDGE_CURVE ( 'NONE', #1786, #260, #1005, .T. ) ;
#607 = AXIS2_PLACEMENT_3D ( 'NONE', #1463, #1504, #632 ) ;
#608 = ORIENTED_EDGE ( 'NONE', *, *, #760, .T. ) ;
#609 = DIRECTION ( 'NONE',  ( -1.000000000000000000, 5.421010862427520198E-16, -4.742769953133012102E-17 ) ) ;
#610 = LINE ( 'NONE', #125, #1867 ) ;
#611 = CARTESIAN_POINT ( 'NONE',  ( 0.6249086240528645142, 0.2052349245053751992, 0.1499999999999999944 ) ) ;
#612 = EDGE_CURVE ( 'NONE', #1915, #477, #1129, .T. ) ;
#613 = CARTESIAN_POINT ( 'NONE',  ( -0.4161351297980188102, 0.5017001728748604616, 0.6000000000000005329 ) ) ;
#614 = LINE ( 'NONE', #1284, #133 ) ;
#615 = LINE ( 'NONE', #962, #2113 ) ;
#616 = VECTOR ( 'NONE', #1553, 1000.000000000000000 ) ;
#617 = DIRECTION ( 'NONE',  ( 1.000000000000000000, 0.000000000000000000, 0.000000000000000000 ) ) ;
#618 = LINE ( 'NONE', #1118, #1265 ) ;
#619 = UNCERTAINTY_MEASURE_WITH_UNIT (LENGTH_MEASURE( 1.000000000000000082E-05 ), #196, 'distance_accuracy_value', 'NONE');
#620 = DIRECTION ( 'NONE',  ( 1.000000000000000000, 0.000000000000000000, 0.000000000000000000 ) ) ;
#621 = AXIS2_PLACEMENT_3D ( 'NONE', #1240, #1916, #427 ) ;
#622 = EDGE_LOOP ( 'NONE', ( #2025, #1181, #41, #1155 ) ) ;
#623 = FACE_OUTER_BOUND ( 'NONE', #2163, .T. ) ;
#624 =( NAMED_UNIT ( * ) PLANE_ANGLE_UNIT ( ) SI_UNIT ( $, .RADIAN. ) );
#625 = CARTESIAN_POINT ( 'NONE',  ( -0.4161351297980188102, 0.5017001728748604616, -0.3999999999999995226 ) ) ;
#626 = CYLINDRICAL_SURFACE ( 'NONE', #108, 0.1000000000000000333 ) ;
#627 = EDGE_CURVE ( 'NONE', #691, #1814, #1853, .T. ) ;
#628 = VECTOR ( 'NONE', #589, 1000.000000000000000 ) ;
#629 = DIRECTION ( 'NONE',  ( 0.000000000000000000, -0.000000000000000000, -1.000000000000000000 ) ) ;
#630 = EDGE_LOOP ( 'NONE', ( #294, #1315, #1697, #2117 ) ) ;
#631 = ORIENTED_EDGE ( 'NONE', *, *, #1579, .T. ) ;
#632 = DIRECTION ( 'NONE',  ( -1.000000000000000000, 0.000000000000000000, 0.000000000000000000 ) ) ;
#633 = CIRCLE ( 'NONE', #1792, 0.1982998271251395772 ) ;
#634 = ORIENTED_EDGE ( 'NONE', *, *, #1215, .F. ) ;
#635 = DIRECTION ( 'NONE',  ( 0.08682659386424780579, 0.9924325091389669673, 0.08682659386424775028 ) ) ;
#636 = EDGE_LOOP ( 'NONE', ( #995, #1130, #634, #1061 ) ) ;
#637 = EDGE_CURVE ( 'NONE', #679, #370, #1400, .T. ) ;
#638 = FACE_OUTER_BOUND ( 'NONE', #139, .T. ) ;
#639 = AXIS2_PLACEMENT_3D ( 'NONE', #1726, #1572, #233 ) ;
#640 = DIRECTION ( 'NONE',  ( -0.08715574274765806873, -0.9961946980917455452, 0.000000000000000000 ) ) ;
#641 = EDGE_CURVE ( 'NONE', #1367, #1158, #1075, .T. ) ;
#642 = DIRECTION ( 'NONE',  ( -0.9961946980917455452, 0.08715574274765831853, 0.000000000000000000 ) ) ;
#643 = VECTOR ( 'NONE', #1797, 1000.000000000000000 ) ;
#644 = ORIENTED_EDGE ( 'NONE', *, *, #1860, .T. ) ;
#645 = DIRECTION ( 'NONE',  ( -0.08682659386424780579, 0.9924325091389669673, -0.08682659386424775028 ) ) ;
#646 = LINE ( 'NONE', #460, #1911 ) ;
#647 = VERTEX_POINT ( 'NONE', #57 ) ;
#648 = ORIENTED_EDGE ( 'NONE', *, *, #1946, .F. ) ;
#649 = DIRECTION ( 'NONE',  ( -0.000000000000000000, -0.000000000000000000, -1.000000000000000000 ) ) ;
#650 = CARTESIAN_POINT ( 'NONE',  ( -0.4161351297980188657, 0.7000000000000000666, -0.3999999999999995226 ) ) ;
#651 = ORIENTED_EDGE ( 'NONE', *, *, #252, .T. ) ;
#652 = FACE_OUTER_BOUND ( 'NONE', #254, .T. ) ;
#653 = SURFACE_STYLE_FILL_AREA ( #2165 ) ;
#654 = VERTEX_POINT ( 'NONE', #916 ) ;
#655 = CARTESIAN_POINT ( 'NONE',  ( -0.3693789677659264914, 0.8999999999999999112, -0.6777458503641841103 ) ) ;
#656 = ORIENTED_EDGE ( 'NONE', *, *, #282, .F. ) ;
#657 = ORIENTED_EDGE ( 'NONE', *, *, #409, .F. ) ;
#658 = AXIS2_PLACEMENT_3D ( 'NONE', #447, #1807, #1782 ) ;
#659 = DIRECTION ( 'NONE',  ( 1.000000000000000000, 0.000000000000000000, 0.000000000000000000 ) ) ;
#660 = SURFACE_STYLE_USAGE ( .BOTH. , #989 ) ;
#661 = CARTESIAN_POINT ( 'NONE',  ( 0.4000000000000004108, 0.5500000000000000444, 0.7003805301908244685 ) ) ;
#662 = LINE ( 'NONE', #1362, #1332 ) ;
#663 = ORIENTED_EDGE ( 'NONE', *, *, #1500, .T. ) ;
#664 = CARTESIAN_POINT ( 'NONE',  ( 0.2689969840115922217, 0.2000000000000003719, 0.6689969840115912447 ) ) ;
#665 = VECTOR ( 'NONE', #36, 1000.000000000000227 ) ;
#666 = ADVANCED_FACE ( 'NONE', ( #559 ), #87, .F. ) ;
#667 = EDGE_CURVE ( 'NONE', #1189, #1615, #569, .T. ) ;
#668 = EDGE_LOOP ( 'NONE', ( #312, #1649, #1371, #83 ) ) ;
#669 = ORIENTED_EDGE ( 'NONE', *, *, #785, .T. ) ;
#670 = CARTESIAN_POINT ( 'NONE',  ( -0.3686164538207663544, 0.1912844257252345193, -0.6689969840115917998 ) ) ;
#671 = SPHERICAL_SURFACE ( 'NONE', #1374, 0.1000000000000000056 ) ;
#672 = EDGE_LOOP ( 'NONE', ( #1583, #1072, #1864, #1983 ) ) ;
#673 = ORIENTED_EDGE ( 'NONE', *, *, #1396, .F. ) ;
#674 = CARTESIAN_POINT ( 'NONE',  ( 0.6593463315440190042, 0.009103785450083281064, 0.1000000000000004774 ) ) ;
#675 = LINE ( 'NONE', #25, #428 ) ;
#676 = VERTEX_POINT ( 'NONE', #2101 ) ;
#677 = CARTESIAN_POINT ( 'NONE',  ( -0.3886888451340536066, 0.4207129082775999951, -0.6890693753248791076 ) ) ;
#678 = CIRCLE ( 'NONE', #19, 0.04829982712513945092 ) ;
#679 = VERTEX_POINT ( 'NONE', #1249 ) ;
#680 = ORIENTED_EDGE ( 'NONE', *, *, #592, .F. ) ;
#681 = EDGE_LOOP ( 'NONE', ( #1330, #941, #1399, #356 ) ) ;
#682 = DIRECTION ( 'NONE',  ( 1.000000000000000000, 0.000000000000000000, -2.710505431213760592E-16 ) ) ;
#683 = DIRECTION ( 'NONE',  ( -2.032879073410321800E-16, -0.000000000000000000, -1.000000000000000000 ) ) ;
#684 = EDGE_CURVE ( 'NONE', #1441, #868, #2108, .T. ) ;
#685 = VERTEX_POINT ( 'NONE', #895 ) ;
#686 = CARTESIAN_POINT ( 'NONE',  ( -0.3606301014133340699, 0.1912844257252345193, -0.7686164538207661545 ) ) ;
#687 = CARTESIAN_POINT ( 'NONE',  ( 0.4750000000000001443, 0.1999999999999999833, -0.1499999999999999944 ) ) ;
#688 = CARTESIAN_POINT ( 'NONE',  ( -0.2689969840115917776, 0.1000000000000003664, -0.6689969840115916888 ) ) ;
#689 = AXIS2_PLACEMENT_3D ( 'NONE', #42, #586, #727 ) ;
#690 = FACE_OUTER_BOUND ( 'NONE', #587, .T. ) ;
#691 = VERTEX_POINT ( 'NONE', #1758 ) ;
#692 = COLOUR_RGB ( '',0.7921568627450980005, 0.8196078431372548767, 0.9333333333333333481 ) ;
#693 = ORIENTED_EDGE ( 'NONE', *, *, #1939, .T. ) ;
#694 = ORIENTED_EDGE ( 'NONE', *, *, #1358, .T. ) ;
#695 = DIRECTION ( 'NONE',  ( -2.710505431213759606E-16, 0.000000000000000000, -1.000000000000000000 ) ) ;
#696 = AXIS2_PLACEMENT_3D ( 'NONE', #1984, #472, #1475 ) ;
#697 = ORIENTED_EDGE ( 'NONE', *, *, #1780, .F. ) ;
#698 = SPHERICAL_SURFACE ( 'NONE', #287, 0.1000000000000000056 ) ;
#699 = FACE_OUTER_BOUND ( 'NONE', #826, .T. ) ;
#700 = LINE ( 'NONE', #1569, #1909 ) ;
#701 = CARTESIAN_POINT ( 'NONE',  ( 0.2777458503641845877, 0.7999999999999998224, 0.6777458503641835552 ) ) ;
#702 = PLANE ( 'NONE',  #1743 ) ;
#703 = CIRCLE ( 'NONE', #1941, 0.1982998271251395772 ) ;
#704 = VECTOR ( 'NONE', #10, 1000.000000000000114 ) ;
#705 = EDGE_LOOP ( 'NONE', ( #1272, #834, #804, #773, #168, #608, #1185, #710, #1723, #1382, #1596, #1869 ) ) ;
#706 = ORIENTED_EDGE ( 'NONE', *, *, #438, .F. ) ;
#707 = CARTESIAN_POINT ( 'NONE',  ( -0.3999999999999999667, 0.5500000000000000444, -0.7999999999999998224 ) ) ;
#708 = LINE ( 'NONE', #1028, #2144 ) ;
#709 = EDGE_CURVE ( 'NONE', #841, #2098, #1259, .T. ) ;
#710 = ORIENTED_EDGE ( 'NONE', *, *, #1648, .T. ) ;
#711 = LINE ( 'NONE', #686, #459 ) ;
#712 = EDGE_CURVE ( 'NONE', #1104, #1494, #1937, .T. ) ;
#713 = DIRECTION ( 'NONE',  ( 0.000000000000000000, 0.000000000000000000, 1.000000000000000000 ) ) ;
#714 = CARTESIAN_POINT ( 'NONE',  ( -0.2777458503641841436, 0.8087155742747657028, -0.7773653201733586871 ) ) ;
#715 = DIRECTION ( 'NONE',  ( -0.03489949670250198921, -0.9993908270190956511, 0.000000000000000000 ) ) ;
#716 = DIRECTION ( 'NONE',  ( -0.06975647374411809987, 0.9975640502598247528, 0.000000000000000000 ) ) ;
#717 = ORIENTED_EDGE ( 'NONE', *, *, #932, .F. ) ;
#718 = CARTESIAN_POINT ( 'NONE',  ( -0.3868767004711111679, 0.7000000000000000666, -0.3999999999999995226 ) ) ;
#719 = ORIENTED_EDGE ( 'NONE', *, *, #438, .T. ) ;
#720 = DIRECTION ( 'NONE',  ( -1.000000000000000000, 0.000000000000000000, 0.000000000000000000 ) ) ;
#721 = EDGE_CURVE ( 'NONE', #2095, #1912, #274, .T. ) ;
#722 = CYLINDRICAL_SURFACE ( 'NONE', #1705, 0.04829982712513945092 ) ;
#723 = LINE ( 'NONE', #864, #1085 ) ;
#724 = ORIENTED_EDGE ( 'NONE', *, *, #55, .F. ) ;
#725 = VECTOR ( 'NONE', #1437, 1000.000000000000000 ) ;
#726 = EDGE_LOOP ( 'NONE', ( #1748, #510, #830, #2123 ) ) ;
#727 = DIRECTION ( 'NONE',  ( 1.000000000000000000, 0.000000000000000000, 0.000000000000000000 ) ) ;
#728 = DIRECTION ( 'NONE',  ( 0.000000000000000000, -0.000000000000000000, -1.000000000000000000 ) ) ;
#729 = ORIENTED_EDGE ( 'NONE', *, *, #1066, .T. ) ;
#730 = DIRECTION ( 'NONE',  ( 0.9975640502598247528, 0.06975647374411809987, -0.000000000000000000 ) ) ;
#731 = DIRECTION ( 'NONE',  ( 0.000000000000000000, 0.000000000000000000, 1.000000000000000000 ) ) ;
#732 = AXIS2_PLACEMENT_3D ( 'NONE', #195, #483, #842 ) ;
#733 = CYLINDRICAL_SURFACE ( 'NONE', #1624, 0.09999999999999997780 ) ;
#734 = DIRECTION ( 'NONE',  ( -1.355252715606879803E-16, 0.000000000000000000, -1.000000000000000000 ) ) ;
#735 = ORIENTED_EDGE ( 'NONE', *, *, #1724, .T. ) ;
#736 = EDGE_CURVE ( 'NONE', #1647, #1470, #1498, .T. ) ;
#737 = EDGE_CURVE ( 'NONE', #1104, #2052, #344, .T. ) ;
#738 = DIRECTION ( 'NONE',  ( 0.000000000000000000, -0.000000000000000000, -1.000000000000000000 ) ) ;
#739 = ORIENTED_EDGE ( 'NONE', *, *, #2081, .T. ) ;
#740 = CARTESIAN_POINT ( 'NONE',  ( -0.3999999999999997446, 0.5500000000000000444, 0.7003805301908249126 ) ) ;
#741 = DIRECTION ( 'NONE',  ( -0.06975647374411879376, 0.9975640502598247528, 0.000000000000000000 ) ) ;
#742 = CARTESIAN_POINT ( 'NONE',  ( 0.4644055339734913246, 0.5033858125323456001, 0.1499999999999999944 ) ) ;
#743 = DIRECTION ( 'NONE',  ( -0.9975640502598246417, 0.06975647374411866886, 0.000000000000000000 ) ) ;
#744 = AXIS2_PLACEMENT_3D ( 'NONE', #1893, #44, #1225 ) ;
#745 = EDGE_LOOP ( 'NONE', ( #933, #1696, #1353, #1855 ) ) ;
#746 = CARTESIAN_POINT ( 'NONE',  ( -0.8000000000000001554, 0.1496346075389737296, -0.3999999999999995226 ) ) ;
#747 = VECTOR ( 'NONE', #908, 1000.000000000000227 ) ;
#748 = ORIENTED_EDGE ( 'NONE', *, *, #1095, .F. ) ;
#749 = CARTESIAN_POINT ( 'NONE',  ( -0.8000000000000001554, 0.1496346075389737296, 0.6000000000000005329 ) ) ;
#750 = LINE ( 'NONE', #1067, #1444 ) ;
#751 = ADVANCED_FACE ( 'NONE', ( #1409 ), #400, .T. ) ;
#752 = CARTESIAN_POINT ( 'NONE',  ( -0.2689969840115917776, 0.2000000000000003719, -0.6689969840115917998 ) ) ;
#753 = ORIENTED_EDGE ( 'NONE', *, *, #409, .T. ) ;
#754 = ORIENTED_EDGE ( 'NONE', *, *, #349, .T. ) ;
#755 = ADVANCED_FACE ( 'NONE', ( #1574 ), #2091, .T. ) ;
#756 = EDGE_CURVE ( 'NONE', #1, #1862, #1920, .T. ) ;
#757 = ORIENTED_EDGE ( 'NONE', *, *, #1378, .T. ) ;
#758 = CARTESIAN_POINT ( 'NONE',  ( -0.3693789677659262694, 0.8087155742747657028, 0.7773653201733582430 ) ) ;
#759 = DIRECTION ( 'NONE',  ( 1.000000000000000000, 0.000000000000000000, 0.000000000000000000 ) ) ;
#760 = EDGE_CURVE ( 'NONE', #1659, #691, #1216, .T. ) ;
#761 = LINE ( 'NONE', #1910, #2093 ) ;
#762 = EDGE_CURVE ( 'NONE', #1359, #2033, #1421, .T. ) ;
#763 = VECTOR ( 'NONE', #265, 1000.000000000000227 ) ;
#764 = VECTOR ( 'NONE', #2102, 1000.000000000000000 ) ;
#765 = ORIENTED_EDGE ( 'NONE', *, *, #550, .F. ) ;
#766 = AXIS2_PLACEMENT_3D ( 'NONE', #1034, #1349, #1000 ) ;
#767 = CARTESIAN_POINT ( 'NONE',  ( -0.3886888451340533845, 0.6792870917224000937, 0.6890693753248785525 ) ) ;
#768 = VECTOR ( 'NONE', #1539, 1000.000000000000114 ) ;
#769 = DIRECTION ( 'NONE',  ( 1.000000000000000000, 0.000000000000000000, 0.000000000000000000 ) ) ;
#770 = ADVANCED_FACE ( 'NONE', ( #1926 ), #1729, .T. ) ;
#771 = DIRECTION ( 'NONE',  ( 1.000000000000000000, 0.000000000000000000, 0.000000000000000000 ) ) ;
#772 = EDGE_LOOP ( 'NONE', ( #2028, #1177, #883, #96 ) ) ;
#773 = ORIENTED_EDGE ( 'NONE', *, *, #446, .T. ) ;
#774 = PRODUCT_DEFINITION ( 'UNKNOWN', '', #940, #1612 ) ;
#775 = FACE_OUTER_BOUND ( 'NONE', #1891, .T. ) ;
#776 = DIRECTION ( 'NONE',  ( 0.03489949670250198921, 0.9993908270190956511, -0.000000000000000000 ) ) ;
#777 = DIRECTION ( 'NONE',  ( -0.08682659386424779191, -0.9924325091389669673, -0.08682659386424776415 ) ) ;
#778 = CIRCLE ( 'NONE', #1245, 0.09999999999999997780 ) ;
#779 = CARTESIAN_POINT ( 'NONE',  ( -0.4161351297980188102, 0.5017001728748604616, -0.3999999999999995226 ) ) ;
#780 = EDGE_CURVE ( 'NONE', #56, #518, #1099, .T. ) ;
#781 = CARTESIAN_POINT ( 'NONE',  ( -0.6731790282283369731, 0.2069205641628604764, 0.6000000000000005329 ) ) ;
#782 = LINE ( 'NONE', #980, #879 ) ;
#783 = ORIENTED_EDGE ( 'NONE', *, *, #2150, .T. ) ;
#784 = CARTESIAN_POINT ( 'NONE',  ( 0.8000000000000001554, 0.1496346075389737296, 0.1000000000000004774 ) ) ;
#785 = EDGE_CURVE ( 'NONE', #2095, #1258, #455, .T. ) ;
#786 = AXIS2_PLACEMENT_3D ( 'NONE', #701, #379, #38 ) ;
#787 = CARTESIAN_POINT ( 'NONE',  ( -0.6593463315440190042, 0.009103785450083281064, -0.5999999999999996447 ) ) ;
#788 = LINE ( 'NONE', #945, #256 ) ;
#789 = SPHERICAL_SURFACE ( 'NONE', #2124, 0.1000000000000000056 ) ;
#790 = DIRECTION ( 'NONE',  ( 0.000000000000000000, 0.000000000000000000, 1.000000000000000000 ) ) ;
#791 = VERTEX_POINT ( 'NONE', #1973 ) ;
#792 = DIRECTION ( 'NONE',  ( 1.000000000000000000, 0.000000000000000000, -0.000000000000000000 ) ) ;
#793 = VECTOR ( 'NONE', #1187, 1000.000000000000227 ) ;
#794 = LINE ( 'NONE', #1623, #571 ) ;
#795 = ADVANCED_FACE ( 'NONE', ( #638 ), #279, .T. ) ;
#796 = CARTESIAN_POINT ( 'NONE',  ( 0.3588276935625313580, 0.5500000000000004885, -0.8000000000000000444 ) ) ;
#797 = PLANE ( 'NONE',  #396 ) ;
#798 =( GEOMETRIC_REPRESENTATION_CONTEXT ( 3 ) GLOBAL_UNCERTAINTY_ASSIGNED_CONTEXT ( ( #619 ) ) GLOBAL_UNIT_ASSIGNED_CONTEXT ( ( #196, #1715, #2049 ) ) REPRESENTATION_CONTEXT ( 'NONE', 'WORKASPACE' ) );
#799 = DIRECTION ( 'NONE',  ( 1.000000000000000000, -1.239073955082017340E-33, -2.710505431213760592E-16 ) ) ;
#800 = ORIENTED_EDGE ( 'NONE', *, *, #1791, .T. ) ;
#801 = LINE ( 'NONE', #1480, #14 ) ;
#802 = VERTEX_POINT ( 'NONE', #2118 ) ;
#803 = CARTESIAN_POINT ( 'NONE',  ( 0.3011315471681867417, 0.5585841633314967414, 0.8007510169773601749 ) ) ;
#804 = ORIENTED_EDGE ( 'NONE', *, *, #2160, .T. ) ;
#805 = DIRECTION ( 'NONE',  ( -0.000000000000000000, -0.000000000000000000, -1.000000000000000000 ) ) ;
#806 = PLANE ( 'NONE',  #1730 ) ;
#807 = ORIENTED_EDGE ( 'NONE', *, *, #12, .F. ) ;
#808 = DIRECTION ( 'NONE',  ( 0.000000000000000000, 0.000000000000000000, -1.000000000000000000 ) ) ;
#809 = VECTOR ( 'NONE', #1309, 1000.000000000000000 ) ;
#810 = ORIENTED_EDGE ( 'NONE', *, *, #2035, .T. ) ;
#811 = CARTESIAN_POINT ( 'NONE',  ( 0.6143141580263556945, 0.5086207370377207049, 0.1000000000000004774 ) ) ;
#812 = EDGE_CURVE ( 'NONE', #2098, #647, #2106, .T. ) ;
#813 = ORIENTED_EDGE ( 'NONE', *, *, #1993, .F. ) ;
#814 = EDGE_CURVE ( 'NONE', #791, #2166, #553, .T. ) ;
#815 = DIRECTION ( 'NONE',  ( 0.000000000000000000, -0.9961946980917455452, 0.08715574274765836016 ) ) ;
#816 = CARTESIAN_POINT ( 'NONE',  ( -0.6698098026056367171, 0.1587383929890570089, -0.5999999999999996447 ) ) ;
#817 = LINE ( 'NONE', #674, #1671 ) ;
#818 = DIRECTION ( 'NONE',  ( 1.000000000000000000, 0.000000000000000000, 0.000000000000000000 ) ) ;
#819 = EDGE_CURVE ( 'NONE', #1862, #1592, #433, .T. ) ;
#820 = VECTOR ( 'NONE', #1856, 1000.000000000000000 ) ;
#821 = EDGE_CURVE ( 'NONE', #1816, #1367, #1948, .T. ) ;
#822 = ORIENTED_EDGE ( 'NONE', *, *, #138, .F. ) ;
#823 = ADVANCED_FACE ( 'NONE', ( #272 ), #1123, .F. ) ;
#824 = PLANE ( 'NONE',  #2153 ) ;
#825 = EDGE_LOOP ( 'NONE', ( #1275, #534, #1325 ) ) ;
#826 = EDGE_LOOP ( 'NONE', ( #2031, #1820, #1366, #564 ) ) ;
#827 = SURFACE_STYLE_FILL_AREA ( #946 ) ;
#828 = CARTESIAN_POINT ( 'NONE',  ( -0.6698098026056367171, 0.1587383929890570089, 0.4000000000000004663 ) ) ;
#829 = CARTESIAN_POINT ( 'NONE',  ( -0.3868767004711111679, 0.7000000000000000666, 0.6000000000000005329 ) ) ;
#830 = ORIENTED_EDGE ( 'NONE', *, *, #1310, .F. ) ;
#831 = LINE ( 'NONE', #858, #1023 ) ;
#832 = CARTESIAN_POINT ( 'NONE',  ( -0.3999999999999997446, 0.5500000000000000444, -0.3999999999999995226 ) ) ;
#833 = CARTESIAN_POINT ( 'NONE',  ( 0.3693789677659269355, 0.8999999999999999112, 0.6777458503641834442 ) ) ;
#834 = ORIENTED_EDGE ( 'NONE', *, *, #919, .T. ) ;
#835 =( GEOMETRIC_REPRESENTATION_CONTEXT ( 3 ) GLOBAL_UNCERTAINTY_ASSIGNED_CONTEXT ( ( #118 ) ) GLOBAL_UNIT_ASSIGNED_CONTEXT ( ( #358, #1199, #2011 ) ) REPRESENTATION_CONTEXT ( 'NONE', 'WORKASPACE' ) );
#836 = DIRECTION ( 'NONE',  ( -0.000000000000000000, -0.000000000000000000, -1.000000000000000000 ) ) ;
#837 = AXIS2_PLACEMENT_3D ( 'NONE', #2066, #1006, #1033 ) ;
#838 = AXIS2_PLACEMENT_3D ( 'NONE', #1670, #2020, #1561 ) ;
#839 = EDGE_LOOP ( 'NONE', ( #1164, #1740, #1924, #1516 ) ) ;
#840 = VERTEX_POINT ( 'NONE', #1651 ) ;
#841 = VERTEX_POINT ( 'NONE', #1955 ) ;
#842 = DIRECTION ( 'NONE',  ( -1.000000000000000000, 0.000000000000000000, 0.000000000000000000 ) ) ;
#843 = CARTESIAN_POINT ( 'NONE',  ( -0.3999999999999997446, 0.5500000000000000444, -0.5999999999999996447 ) ) ;
#844 = ORIENTED_EDGE ( 'NONE', *, *, #762, .T. ) ;
#845 = FACE_OUTER_BOUND ( 'NONE', #1505, .T. ) ;
#846 = CIRCLE ( 'NONE', #1031, 0.1982998271251394107 ) ;
#847 = CARTESIAN_POINT ( 'NONE',  ( 0.3588276935625316910, 0.5499999999999994893, 0.7999999999999992673 ) ) ;
#848 = LINE ( 'NONE', #348, #944 ) ;
#849 = DIRECTION ( 'NONE',  ( -0.9961946980917455452, -0.08715574274765829077, 0.000000000000000000 ) ) ;
#850 = VECTOR ( 'NONE', #799, 1000.000000000000000 ) ;
#851 = ORIENTED_EDGE ( 'NONE', *, *, #1551, .T. ) ;
#852 = ORIENTED_EDGE ( 'NONE', *, *, #248, .F. ) ;
#853 = ORIENTED_EDGE ( 'NONE', *, *, #1796, .T. ) ;
#854 = PLANE ( 'NONE',  #1417 ) ;
#855 = CARTESIAN_POINT ( 'NONE',  ( 0.8000000000000001554, 0.1496346075389737296, 0.1499999999999999944 ) ) ;
#856 = EDGE_CURVE ( 'NONE', #1443, #1425, #419, .T. ) ;
#857 = CARTESIAN_POINT ( 'NONE',  ( -0.6593463315440190042, 0.009103785450083281064, -0.5999999999999996447 ) ) ;
#858 = CARTESIAN_POINT ( 'NONE',  ( 0.6593463315440190042, 0.009103785450083281064, -0.1499999999999999944 ) ) ;
#859 = LINE ( 'NONE', #186, #2074 ) ;
#860 = LINE ( 'NONE', #1169, #665 ) ;
#861 = CIRCLE ( 'NONE', #584, 0.09999999999999997780 ) ;
#862 = CARTESIAN_POINT ( 'NONE',  ( -0.2777458503641841436, 0.7999999999999998224, -0.6777458503641841103 ) ) ;
#863 = CARTESIAN_POINT ( 'NONE',  ( 0.6249086240528645142, 0.2052349245053751992, -0.1499999999999999944 ) ) ;
#864 = CARTESIAN_POINT ( 'NONE',  ( 0.3999999999999997446, 0.5500000000000000444, 0.1499999999999999944 ) ) ;
#865 = EDGE_CURVE ( 'NONE', #399, #676, #1089, .T. ) ;
#866 = ORIENTED_EDGE ( 'NONE', *, *, #1710, .T. ) ;
#867 = ORIENTED_EDGE ( 'NONE', *, *, #1642, .T. ) ;
#868 = VERTEX_POINT ( 'NONE', #943 ) ;
#869 = FACE_OUTER_BOUND ( 'NONE', #1248, .T. ) ;
#870 = CARTESIAN_POINT ( 'NONE',  ( -0.4161351297980188102, 0.5500000000000000444, -0.3999999999999995226 ) ) ;
#871 = ADVANCED_FACE ( 'NONE', ( #1818 ), #599, .F. ) ;
#872 = CIRCLE ( 'NONE', #968, 0.1982998271251395772 ) ;
#873 = ORIENTED_EDGE ( 'NONE', *, *, #1557, .F. ) ;
#874 = CARTESIAN_POINT ( 'NONE',  ( -0.4161351297980188102, 0.5017001728748604616, 0.4000000000000004663 ) ) ;
#875 = DIRECTION ( 'NONE',  ( -1.000000000000000000, 0.000000000000000000, -5.441718243242717987E-16 ) ) ;
#876 = CARTESIAN_POINT ( 'NONE',  ( -0.6698098026056367171, 0.1587383929890570089, 0.6000000000000005329 ) ) ;
#877 = CARTESIAN_POINT ( 'NONE',  ( 0.2777458503641844212, 0.8087155742747657028, -0.7773653201733586871 ) ) ;
#878 = CARTESIAN_POINT ( 'NONE',  ( 0.3011315471681867417, 0.5672997376062626218, 0.7011315471681857092 ) ) ;
#879 = VECTOR ( 'NONE', #292, 1000.000000000000000 ) ;
#880 = CARTESIAN_POINT ( 'NONE',  ( -0.3999999999999999667, 0.5500000000000000444, -0.7003805301908252456 ) ) ;
#881 = CIRCLE ( 'NONE', #1153, 0.1982998271251394107 ) ;
#882 = ORIENTED_EDGE ( 'NONE', *, *, #899, .T. ) ;
#883 = ORIENTED_EDGE ( 'NONE', *, *, #406, .F. ) ;
#884 = EDGE_CURVE ( 'NONE', #1653, #2133, #1487, .T. ) ;
#885 = DIRECTION ( 'NONE',  ( -0.000000000000000000, -0.000000000000000000, -1.000000000000000000 ) ) ;
#886 = ORIENTED_EDGE ( 'NONE', *, *, #2160, .F. ) ;
#887 = DIRECTION ( 'NONE',  ( -1.000000000000000000, -1.239073955082017340E-33, 2.710505431213760592E-16 ) ) ;
#888 = CARTESIAN_POINT ( 'NONE',  ( -0.3011315471681861311, 0.5414158366685034585, 0.8007510169773602859 ) ) ;
#889 = AXIS2_PLACEMENT_3D ( 'NONE', #890, #1046, #27 ) ;
#890 = CARTESIAN_POINT ( 'NONE',  ( 0.000000000000000000, 0.8999999999999999112, 0.000000000000000000 ) ) ;
#891 = DIRECTION ( 'NONE',  ( -0.000000000000000000, -0.000000000000000000, -1.000000000000000000 ) ) ;
#892 = FACE_OUTER_BOUND ( 'NONE', #1436, .T. ) ;
#893 = CARTESIAN_POINT ( 'NONE',  ( 0.6698098026056367171, 0.1587383929890570089, 0.1000000000000004774 ) ) ;
#894 = ORIENTED_EDGE ( 'NONE', *, *, #756, .T. ) ;
#895 = CARTESIAN_POINT ( 'NONE',  ( 0.3868767004711111679, 0.7000000000000000666, 0.1499999999999999944 ) ) ;
#896 = CARTESIAN_POINT ( 'NONE',  ( 0.6593463315440188932, 0.009103785450083281064, 0.1499999999999999944 ) ) ;
#897 = ADVANCED_FACE ( 'NONE', ( #299 ), #973, .T. ) ;
#898 = LINE ( 'NONE', #742, #747 ) ;
#899 = EDGE_CURVE ( 'NONE', #547, #399, #1606, .T. ) ;
#900 = DIRECTION ( 'NONE',  ( -0.9975640502598246417, 0.06975647374411866886, 0.000000000000000000 ) ) ;
#901 = VECTOR ( 'NONE', #80, 1000.000000000000000 ) ;
#902 = EDGE_LOOP ( 'NONE', ( #1274, #1580, #558, #2083 ) ) ;
#903 = CARTESIAN_POINT ( 'NONE',  ( -0.4007510169773608188, 0.5414158366685034585, -0.7011315471681862643 ) ) ;
#904 = ORIENTED_EDGE ( 'NONE', *, *, #1115, .T. ) ;
#905 = CARTESIAN_POINT ( 'NONE',  ( -0.3588276935625308584, 0.5500000000000002665, 0.7999999999999996003 ) ) ;
#906 = DIRECTION ( 'NONE',  ( 0.9975640502598246417, 0.06975647374411866886, 0.000000000000000000 ) ) ;
#907 = VECTOR ( 'NONE', #507, 1000.000000000000000 ) ;
#908 = DIRECTION ( 'NONE',  ( 0.03489949670250162839, -0.9993908270190956511, 0.000000000000000000 ) ) ;
#909 = DIRECTION ( 'NONE',  ( 1.000000000000000000, 0.000000000000000000, -1.355252715606880543E-16 ) ) ;
#910 = ORIENTED_EDGE ( 'NONE', *, *, #1282, .T. ) ;
#911 = ORIENTED_EDGE ( 'NONE', *, *, #349, .F. ) ;
#912 = AXIS2_PLACEMENT_3D ( 'NONE', #1410, #570, #906 ) ;
#913 = EDGE_CURVE ( 'NONE', #180, #1299, #872, .T. ) ;
#914 = FACE_OUTER_BOUND ( 'NONE', #1414, .T. ) ;
#915 = ORIENTED_EDGE ( 'NONE', *, *, #1975, .F. ) ;
#916 = CARTESIAN_POINT ( 'NONE',  ( -0.6593463315440190042, 0.009103785450083281064, -0.3999999999999995226 ) ) ;
#917 = LINE ( 'NONE', #1088, #221 ) ;
#918 = VECTOR ( 'NONE', #1133, 1000.000000000000227 ) ;
#919 = EDGE_CURVE ( 'NONE', #1979, #951, #614, .T. ) ;
#920 = PLANE ( 'NONE',  #1806 ) ;
#921 = ORIENTED_EDGE ( 'NONE', *, *, #2081, .F. ) ;
#922 = ORIENTED_EDGE ( 'NONE', *, *, #1648, .F. ) ;
#923 = ADVANCED_FACE ( 'NONE', ( #519 ), #1854, .T. ) ;
#924 = DIRECTION ( 'NONE',  ( -0.9993908270190957621, 0.03489949670250199615, 0.000000000000000000 ) ) ;
#925 = EDGE_CURVE ( 'NONE', #149, #1470, #482, .T. ) ;
#926 = VECTOR ( 'NONE', #117, 1000.000000000000227 ) ;
#927 = VERTEX_POINT ( 'NONE', #1316 ) ;
#928 = CARTESIAN_POINT ( 'NONE',  ( -0.3868767004711111679, 0.7000000000000000666, 0.6000000000000005329 ) ) ;
#929 = CARTESIAN_POINT ( 'NONE',  ( -0.4161351297980188102, 0.5017001728748604616, 0.4000000000000004663 ) ) ;
#930 = LINE ( 'NONE', #1638, #643 ) ;
#931 = ADVANCED_FACE ( 'NONE', ( #329 ), #20, .T. ) ;
#932 = EDGE_CURVE ( 'NONE', #505, #1352, #103, .T. ) ;
#933 = ORIENTED_EDGE ( 'NONE', *, *, #550, .T. ) ;
#934 = DIRECTION ( 'NONE',  ( 0.9975640502598246417, 0.06975647374411877988, -0.000000000000000000 ) ) ;
#935 = DIRECTION ( 'NONE',  ( -0.9975640502598246417, -0.06975647374411877988, 0.000000000000000000 ) ) ;
#936 = LINE ( 'NONE', #602, #371 ) ;
#937 = FACE_OUTER_BOUND ( 'NONE', #1880, .T. ) ;
#938 = EDGE_CURVE ( 'NONE', #1503, #1441, #1014, .T. ) ;
#939 = ORIENTED_EDGE ( 'NONE', *, *, #1224, .T. ) ;
#940 = PRODUCT_DEFINITION_FORMATION_WITH_SPECIFIED_SOURCE ( 'ANY', '', #595, .NOT_KNOWN. ) ;
#941 = ORIENTED_EDGE ( 'NONE', *, *, #1796, .F. ) ;
#942 = EDGE_CURVE ( 'NONE', #336, #1862, #1878, .T. ) ;
#943 = CARTESIAN_POINT ( 'NONE',  ( -0.7895365289383824425, -1.527135300683080830E-17, 0.4000000000000004663 ) ) ;
#944 = VECTOR ( 'NONE', #377, 1000.000000000000000 ) ;
#945 = CARTESIAN_POINT ( 'NONE',  ( -0.4007510169773605968, 0.5585841633314967414, 0.7011315471681858202 ) ) ;
#946 = FILL_AREA_STYLE ('',( #1327 ) ) ;
#947 = AXIS2_PLACEMENT_3D ( 'NONE', #213, #909, #734 ) ;
#948 = DIRECTION ( 'NONE',  ( -0.08682659386424768089, -0.9924325091389670783, 0.08682659386424762538 ) ) ;
#949 = UNCERTAINTY_MEASURE_WITH_UNIT (LENGTH_MEASURE( 1.000000000000000082E-05 ), #1776, 'distance_accuracy_value', 'NONE');
#950 = FACE_OUTER_BOUND ( 'NONE', #1339, .T. ) ;
#951 = VERTEX_POINT ( 'NONE', #532 ) ;
#952 = AXIS2_PLACEMENT_3D ( 'NONE', #1323, #1301, #2136 ) ;
#953 = DIRECTION ( 'NONE',  ( -0.000000000000000000, -0.000000000000000000, -1.000000000000000000 ) ) ;
#954 = FACE_OUTER_BOUND ( 'NONE', #1954, .T. ) ;
#955 = CARTESIAN_POINT ( 'NONE',  ( -0.3999999999999999667, 0.5500000000000000444, -0.7588276935625309916 ) ) ;
#956 = DIRECTION ( 'NONE',  ( -1.350095569862014863E-16, -0.08715574274765836016, -0.9961946980917455452 ) ) ;
#957 = ORIENTED_EDGE ( 'NONE', *, *, #105, .T. ) ;
#958 = DIRECTION ( 'NONE',  ( 0.06975647374411879376, 0.9975640502598247528, 0.000000000000000000 ) ) ;
#959 = ORIENTED_EDGE ( 'NONE', *, *, #120, .T. ) ;
#960 = DIRECTION ( 'NONE',  ( 0.9961946980917455452, -0.08715574274765829077, 0.000000000000000000 ) ) ;
#961 = CARTESIAN_POINT ( 'NONE',  ( 0.3868767004711111679, 0.7000000000000000666, -0.1499999999999999944 ) ) ;
#962 = CARTESIAN_POINT ( 'NONE',  ( -0.4161351297980188657, 0.7000000000000000666, 0.6000000000000005329 ) ) ;
#963 = DIRECTION ( 'NONE',  ( 0.000000000000000000, 1.084202172485504040E-15, 1.000000000000000000 ) ) ;
#964 = CARTESIAN_POINT ( 'NONE',  ( -0.7895365289383824425, -1.527135300683080830E-17, 0.6000000000000005329 ) ) ;
#965 = AXIS2_PLACEMENT_3D ( 'NONE', #779, #1161, #450 ) ;
#966 = EDGE_LOOP ( 'NONE', ( #1683, #1210, #1479, #47 ) ) ;
#967 = FACE_OUTER_BOUND ( 'NONE', #839, .T. ) ;
#968 = AXIS2_PLACEMENT_3D ( 'NONE', #106, #1457, #2127 ) ;
#969 = DIRECTION ( 'NONE',  ( -1.000000000000000000, -0.000000000000000000, -0.000000000000000000 ) ) ;
#970 = EDGE_LOOP ( 'NONE', ( #910, #319, #500, #1566 ) ) ;
#971 = EDGE_LOOP ( 'NONE', ( #783, #1839, #1991, #1326 ) ) ;
#972 = EDGE_CURVE ( 'NONE', #927, #676, #1328, .T. ) ;
#973 = CYLINDRICAL_SURFACE ( 'NONE', #1324, 0.09999999999999999167 ) ;
#974 = DIRECTION ( 'NONE',  ( -1.000000000000000000, -1.084202172485504237E-15, -9.485539906266025437E-17 ) ) ;
#975 = AXIS2_PLACEMENT_3D ( 'NONE', #1727, #2072, #1564 ) ;
#976 = ORIENTED_EDGE ( 'NONE', *, *, #1064, .T. ) ;
#977 = VECTOR ( 'NONE', #2037, 1000.000000000000000 ) ;
#978 = AXIS2_PLACEMENT_3D ( 'NONE', #1117, #956, #1140 ) ;
#979 = DIRECTION ( 'NONE',  ( 0.000000000000000000, -0.000000000000000000, -1.000000000000000000 ) ) ;
#980 = CARTESIAN_POINT ( 'NONE',  ( -0.4161351297980188657, 0.7000000000000000666, 0.6000000000000005329 ) ) ;
#981 = EDGE_CURVE ( 'NONE', #2070, #307, #1865, .T. ) ;
#982 = VERTEX_POINT ( 'NONE', #855 ) ;
#983 = LINE ( 'NONE', #2001, #84 ) ;
#984 = ADVANCED_FACE ( 'NONE', ( #1149 ), #1699, .T. ) ;
#985 = FACE_OUTER_BOUND ( 'NONE', #452, .T. ) ;
#986 = ORIENTED_EDGE ( 'NONE', *, *, #226, .T. ) ;
#987 = ADVANCED_FACE ( 'NONE', ( #32 ), #4, .F. ) ;
#988 = CARTESIAN_POINT ( 'NONE',  ( 0.6593463315440188932, 0.009103785450083281064, -0.1499999999999999944 ) ) ;
#989 = SURFACE_SIDE_STYLE ('',( #22 ) ) ;
#990 = ORIENTED_EDGE ( 'NONE', *, *, #1139, .F. ) ;
#991 = EDGE_CURVE ( 'NONE', #1979, #2062, #1714, .T. ) ;
#992 = DIRECTION ( 'NONE',  ( 0.000000000000000000, 0.000000000000000000, 1.000000000000000000 ) ) ;
#993 = DIRECTION ( 'NONE',  ( -0.9975640502598246417, -0.06975647374411866886, 0.000000000000000000 ) ) ;
#994 = SURFACE_SIDE_STYLE ('',( #653 ) ) ;
#995 = ORIENTED_EDGE ( 'NONE', *, *, #1145, .T. ) ;
#996 = CARTESIAN_POINT ( 'NONE',  ( 0.4000000000000000777, 0.5500000000000000444, -0.7999999999999999334 ) ) ;
#997 = CLOSED_SHELL ( 'NONE', ( #1193, #1101, #158, #984, #1320, #1703, #1302, #2039, #2175, #21, #594, #1694, #150, #931, #2092, #1172, #86, #1843, #923, #1432, #755, #1953, #1536, #385, #1022, #59, #122, #1544, #1929, #325, #1415, #2111, #61, #897 ) ) ;
#998 = ORIENTED_EDGE ( 'NONE', *, *, #509, .T. ) ;
#999 = EDGE_LOOP ( 'NONE', ( #1273, #17, #922, #331 ) ) ;
#1000 = DIRECTION ( 'NONE',  ( 0.000000000000000000, -0.000000000000000000, -1.000000000000000000 ) ) ;
#1001 = EDGE_CURVE ( 'NONE', #1524, #399, #317, .T. ) ;
#1002 = DIRECTION ( 'NONE',  ( -0.000000000000000000, -0.000000000000000000, -1.000000000000000000 ) ) ;
#1003 = DIRECTION ( 'NONE',  ( -0.9961946980917455452, -0.08715574274765836016, 1.350095569862015356E-16 ) ) ;
#1004 = VERTEX_POINT ( 'NONE', #988 ) ;
#1005 = LINE ( 'NONE', #1178, #820 ) ;
#1006 = DIRECTION ( 'NONE',  ( -0.000000000000000000, -0.000000000000000000, -1.000000000000000000 ) ) ;
#1007 = VECTOR ( 'NONE', #389, 1000.000000000000000 ) ;
#1008 = ORIENTED_EDGE ( 'NONE', *, *, #780, .T. ) ;
#1009 = DIRECTION ( 'NONE',  ( 0.03489949670250198921, 0.9993908270190956511, -0.000000000000000000 ) ) ;
#1010 = VECTOR ( 'NONE', #1830, 1000.000000000000000 ) ;
#1011 = ORIENTED_EDGE ( 'NONE', *, *, #2110, .T. ) ;
#1012 = ORIENTED_EDGE ( 'NONE', *, *, #1310, .T. ) ;
#1013 = DIRECTION ( 'NONE',  ( -0.08715574274765836016, -0.9961946980917455452, 0.000000000000000000 ) ) ;
#1014 = LINE ( 'NONE', #828, #793 ) ;
#1015 = LINE ( 'NONE', #816, #424 ) ;
#1016 = ORIENTED_EDGE ( 'NONE', *, *, #1358, .F. ) ;
#1017 = LINE ( 'NONE', #1538, #616 ) ;
#1018 = LINE ( 'NONE', #1691, #492 ) ;
#1019 = ORIENTED_EDGE ( 'NONE', *, *, #1413, .T. ) ;
#1020 = VECTOR ( 'NONE', #1607, 1000.000000000000000 ) ;
#1021 = FACE_OUTER_BOUND ( 'NONE', #1603, .T. ) ;
#1022 = ADVANCED_FACE ( 'NONE', ( #2172 ), #1994, .T. ) ;
#1023 = VECTOR ( 'NONE', #1512, 1000.000000000000227 ) ;
#1024 = ORIENTED_EDGE ( 'NONE', *, *, #1753, .T. ) ;
#1025 = ORIENTED_EDGE ( 'NONE', *, *, #469, .F. ) ;
#1026 = VERTEX_POINT ( 'NONE', #496 ) ;
#1027 = CARTESIAN_POINT ( 'NONE',  ( -0.6249086240528645142, 0.2052349245053751714, -0.3999999999999995226 ) ) ;
#1028 = CARTESIAN_POINT ( 'NONE',  ( 0.3868767004711111679, 0.7000000000000000666, 0.1499999999999999944 ) ) ;
#1029 = EDGE_LOOP ( 'NONE', ( #1170, #597, #1598, #1988 ) ) ;
#1030 = FACE_OUTER_BOUND ( 'NONE', #481, .T. ) ;
#1031 = AXIS2_PLACEMENT_3D ( 'NONE', #1923, #1747, #414 ) ;
#1032 = LINE ( 'NONE', #2013, #43 ) ;
#1033 = DIRECTION ( 'NONE',  ( -1.000000000000000000, 0.000000000000000000, 0.000000000000000000 ) ) ;
#1034 = CARTESIAN_POINT ( 'NONE',  ( -0.4161351297980188657, 0.7000000000000000666, 0.6000000000000005329 ) ) ;
#1035 = EDGE_CURVE ( 'NONE', #1764, #505, #1162, .T. ) ;
#1036 = LINE ( 'NONE', #1219, #513 ) ;
#1037 = DIRECTION ( 'NONE',  ( -0.9961946980917455452, -0.08715574274765827689, 0.000000000000000000 ) ) ;
#1038 = CIRCLE ( 'NONE', #1125, 0.04829982712513945092 ) ;
#1039 = EDGE_CURVE ( 'NONE', #1, #477, #1672, .T. ) ;
#1040 = DIRECTION ( 'NONE',  ( 1.000000000000000000, 0.000000000000000000, 0.000000000000000000 ) ) ;
#1041 = EDGE_LOOP ( 'NONE', ( #144, #1025, #1725, #2018 ) ) ;
#1042 = SPHERICAL_SURFACE ( 'NONE', #1590, 0.1000000000000000056 ) ;
#1043 = FACE_OUTER_BOUND ( 'NONE', #2000, .T. ) ;
#1044 = DIRECTION ( 'NONE',  ( -1.000000000000000000, -0.000000000000000000, 2.710505431213760592E-16 ) ) ;
#1045 = LINE ( 'NONE', #1194, #1355 ) ;
#1046 = DIRECTION ( 'NONE',  ( -0.000000000000000000, 1.000000000000000000, 0.000000000000000000 ) ) ;
#1047 = DIRECTION ( 'NONE',  ( -1.088343648648543597E-15, -0.000000000000000000, 1.000000000000000000 ) ) ;
#1048 = EDGE_LOOP ( 'NONE', ( #1019, #1628, #1836, #1770 ) ) ;
#1049 = STYLED_ITEM ( 'NONE', ( #2021 ), #420 ) ;
#1050 = ORIENTED_EDGE ( 'NONE', *, *, #381, .F. ) ;
#1051 = DIRECTION ( 'NONE',  ( -1.000000000000000000, -0.000000000000000000, -0.000000000000000000 ) ) ;
#1052 = AXIS2_PLACEMENT_3D ( 'NONE', #2048, #682, #695 ) ;
#1053 = VERTEX_POINT ( 'NONE', #670 ) ;
#1054 = DIRECTION ( 'NONE',  ( -1.000000000000000000, 0.000000000000000000, 0.000000000000000000 ) ) ;
#1055 = LINE ( 'NONE', #1731, #398 ) ;
#1056 = CARTESIAN_POINT ( 'NONE',  ( -0.4161351297980188102, 0.5017001728748604616, 0.6000000000000005329 ) ) ;
#1057 = AXIS2_PLACEMENT_3D ( 'NONE', #1652, #1276, #1109 ) ;
#1058 = AXIS2_PLACEMENT_3D ( 'NONE', #214, #1473, #1127 ) ;
#1059 = LINE ( 'NONE', #1426, #28 ) ;
#1060 = VECTOR ( 'NONE', #1834, 1000.000000000000114 ) ;
#1061 = ORIENTED_EDGE ( 'NONE', *, *, #1542, .F. ) ;
#1062 = LINE ( 'NONE', #893, #1977 ) ;
#1063 = ORIENTED_EDGE ( 'NONE', *, *, #551, .T. ) ;
#1064 = EDGE_CURVE ( 'NONE', #1397, #546, #1342, .T. ) ;
#1065 = CARTESIAN_POINT ( 'NONE',  ( -0.6731790282283369731, 0.2069205641628604764, -0.3999999999999995226 ) ) ;
#1066 = EDGE_CURVE ( 'NONE', #647, #1592, #1449, .T. ) ;
#1067 = CARTESIAN_POINT ( 'NONE',  ( -0.7895365289383824425, -1.527135300683080830E-17, -0.3999999999999995226 ) ) ;
#1068 = EDGE_CURVE ( 'NONE', #129, #1443, #1062, .T. ) ;
#1069 = AXIS2_PLACEMENT_3D ( 'NONE', #337, #1394, #526 ) ;
#1070 = CARTESIAN_POINT ( 'NONE',  ( 0.4161351297980188657, 0.7000000000000000666, 0.1000000000000004774 ) ) ;
#1071 = VECTOR ( 'NONE', #1009, 1000.000000000000227 ) ;
#1072 = ORIENTED_EDGE ( 'NONE', *, *, #1763, .F. ) ;
#1073 = FACE_OUTER_BOUND ( 'NONE', #1208, .T. ) ;
#1074 = ORIENTED_EDGE ( 'NONE', *, *, #2121, .F. ) ;
#1075 = LINE ( 'NONE', #224, #1959 ) ;
#1076 = SURFACE_SIDE_STYLE ('',( #1555 ) ) ;
#1077 = AXIS2_PLACEMENT_3D ( 'NONE', #575, #1903, #261 ) ;
#1078 = DIRECTION ( 'NONE',  ( 1.000000000000000000, 0.000000000000000000, 0.000000000000000000 ) ) ;
#1079 = EDGE_CURVE ( 'NONE', #2015, #840, #54, .T. ) ;
#1080 = FACE_OUTER_BOUND ( 'NONE', #1779, .T. ) ;
#1081 = ORIENTED_EDGE ( 'NONE', *, *, #1722, .F. ) ;
#1082 = ORIENTED_EDGE ( 'NONE', *, *, #1095, .T. ) ;
#1083 = CARTESIAN_POINT ( 'NONE',  ( -0.4161351297980188657, 0.7000000000000000666, 0.4000000000000004663 ) ) ;
#1084 = CARTESIAN_POINT ( 'NONE',  ( 0.2951004612465328858, 0.6016358899206859512, -0.6951004612465326860 ) ) ;
#1085 = VECTOR ( 'NONE', #250, 1000.000000000000000 ) ;
#1086 = ORIENTED_EDGE ( 'NONE', *, *, #1218, .F. ) ;
#1087 = DIRECTION ( 'NONE',  ( 0.000000000000000000, 0.000000000000000000, 1.000000000000000000 ) ) ;
#1088 = CARTESIAN_POINT ( 'NONE',  ( 0.4161351297980188657, 0.7000000000000000666, -0.1499999999999999944 ) ) ;
#1089 = CIRCLE ( 'NONE', #1934, 0.04829982712513945092 ) ;
#1090 = DIRECTION ( 'NONE',  ( -0.000000000000000000, -0.000000000000000000, -1.000000000000000000 ) ) ;
#1091 = ORIENTED_EDGE ( 'NONE', *, *, #592, .T. ) ;
#1092 = DIRECTION ( 'NONE',  ( 1.000000000000000000, 0.000000000000000000, -2.032879073410322293E-16 ) ) ;
#1093 = CARTESIAN_POINT ( 'NONE',  ( 0.3011315471681864642, 0.5672997376062626218, -0.7011315471681862643 ) ) ;
#1094 = DIRECTION ( 'NONE',  ( -1.000000000000000000, -0.000000000000000000, 5.441718243242717987E-16 ) ) ;
#1095 = EDGE_CURVE ( 'NONE', #1026, #542, #1787, .T. ) ;
#1096 = ORIENTED_EDGE ( 'NONE', *, *, #2121, .T. ) ;
#1097 = ADVANCED_FACE ( 'NONE', ( #566 ), #407, .T. ) ;
#1098 = ORIENTED_EDGE ( 'NONE', *, *, #1766, .T. ) ;
#1099 = LINE ( 'NONE', #961, #308 ) ;
#1100 = DIRECTION ( 'NONE',  ( 1.000000000000000000, 0.000000000000000000, 0.000000000000000000 ) ) ;
#1101 = ADVANCED_FACE ( 'NONE', ( #1073 ), #1591, .T. ) ;
#1102 = DIRECTION ( 'NONE',  ( 0.03489949670250162839, -0.9993908270190956511, 0.000000000000000000 ) ) ;
#1103 = EDGE_CURVE ( 'NONE', #31, #30, #846, .T. ) ;
#1104 = VERTEX_POINT ( 'NONE', #1548 ) ;
#1105 = CARTESIAN_POINT ( 'NONE',  ( -0.2689969840115915556, 0.1000000000000003664, 0.6689969840115914668 ) ) ;
#1106 = AXIS2_PLACEMENT_3D ( 'NONE', #321, #992, #511 ) ;
#1107 = ORIENTED_EDGE ( 'NONE', *, *, #1464, .T. ) ;
#1108 = CARTESIAN_POINT ( 'NONE',  ( -0.4644055339734912136, 0.5033858125323456001, -0.5999999999999996447 ) ) ;
#1109 = DIRECTION ( 'NONE',  ( 0.03489949670250146185, 0.9993908270190956511, 0.000000000000000000 ) ) ;
#1110 = ORIENTED_EDGE ( 'NONE', *, *, #1305, .T. ) ;
#1111 = DIRECTION ( 'NONE',  ( 0.000000000000000000, -0.000000000000000000, -1.000000000000000000 ) ) ;
#1112 = ORIENTED_EDGE ( 'NONE', *, *, #1722, .T. ) ;
#1113 = CARTESIAN_POINT ( 'NONE',  ( 0.4000000000000001887, 0.5500000000000004885, -0.7588276935625311026 ) ) ;
#1114 = CARTESIAN_POINT ( 'NONE',  ( -0.2689969840115917776, 0.1912844257252345193, -0.7686164538207661545 ) ) ;
#1115 = EDGE_CURVE ( 'NONE', #1158, #2052, #263, .T. ) ;
#1116 = AXIS2_PLACEMENT_3D ( 'NONE', #1981, #1293, #1314 ) ;
#1117 = CARTESIAN_POINT ( 'NONE',  ( -0.3999999999999999667, 0.5500000000000000444, -0.7999999999999998224 ) ) ;
#1118 = CARTESIAN_POINT ( 'NONE',  ( -0.8000000000000001554, 0.1496346075389737296, 0.6000000000000005329 ) ) ;
#1119 = ORIENTED_EDGE ( 'NONE', *, *, #105, .F. ) ;
#1120 = DIRECTION ( 'NONE',  ( -0.03489949670250146185, 0.9993908270190956511, 0.000000000000000000 ) ) ;
#1121 = DIRECTION ( 'NONE',  ( 0.08715574274765808260, 0.9961946980917455452, -0.000000000000000000 ) ) ;
#1122 = CIRCLE ( 'NONE', #190, 0.09999999999999999167 ) ;
#1123 = PLANE ( 'NONE',  #696 ) ;
#1124 = DIRECTION ( 'NONE',  ( 0.08682659386424779191, -0.9924325091389669673, 0.08682659386424776415 ) ) ;
#1125 = AXIS2_PLACEMENT_3D ( 'NONE', #1252, #2086, #1270 ) ;
#1126 = CARTESIAN_POINT ( 'NONE',  ( 0.6249086240528645142, 0.2052349245053751714, -0.1499999999999999944 ) ) ;
#1127 = DIRECTION ( 'NONE',  ( 0.03489949670250146185, 0.9993908270190956511, 0.000000000000000000 ) ) ;
#1128 = DIRECTION ( 'NONE',  ( -0.08682659386424777803, -0.9924325091389669673, 0.08682659386424779191 ) ) ;
#1129 =( BOUNDED_CURVE ( )  B_SPLINE_CURVE ( 3, ( #661, #347, #847, #1333 ),
 .UNSPECIFIED., .F., .T. ) 
 B_SPLINE_CURVE_WITH_KNOTS ( ( 4, 4 ),
 ( 5.501585242055416991, 7.064785372303753697 ),
 .UNSPECIFIED. ) 
 CURVE ( )  GEOMETRIC_REPRESENTATION_ITEM ( )  RATIONAL_B_SPLINE_CURVE ( ( 1.000000000000000000, 0.8065248903853474705, 0.8065248903853474705, 1.000000000000000000 ) ) 
 REPRESENTATION_ITEM ( '' )  );
#1130 = ORIENTED_EDGE ( 'NONE', *, *, #146, .T. ) ;
#1131 = CARTESIAN_POINT ( 'NONE',  ( 0.6593463315440190042, 0.009103785450083281064, 0.1000000000000004774 ) ) ;
#1132 = ADVANCED_FACE ( 'NONE', ( #775 ), #1237, .F. ) ;
#1133 = DIRECTION ( 'NONE',  ( -0.03489949670250146185, -0.9993908270190956511, 0.000000000000000000 ) ) ;
#1134 = CIRCLE ( 'NONE', #2030, 0.1000000000000000472 ) ;
#1135 = EDGE_LOOP ( 'NONE', ( #1484, #1530, #2147, #998 ) ) ;
#1136 = EDGE_CURVE ( 'NONE', #66, #370, #1960, .T. ) ;
#1137 = DIRECTION ( 'NONE',  ( 1.000000000000000000, 0.000000000000000000, 0.000000000000000000 ) ) ;
#1138 = CARTESIAN_POINT ( 'NONE',  ( 0.2777458503641843102, 0.8999999999999999112, -0.6777458503641842213 ) ) ;
#1139 = EDGE_CURVE ( 'NONE', #1344, #505, #67, .T. ) ;
#1140 = DIRECTION ( 'NONE',  ( 0.000000000000000000, 0.9961946980917455452, -0.08715574274765836016 ) ) ;
#1141 = COLOUR_RGB ( '',0.2509803921568627416, 0.2509803921568627416, 0.2509803921568627416 ) ;
#1142 = ORIENTED_EDGE ( 'NONE', *, *, #138, .T. ) ;
#1143 = CYLINDRICAL_SURFACE ( 'NONE', #1521, 0.04829982712513945092 ) ;
#1144 = AXIS2_PLACEMENT_3D ( 'NONE', #462, #609, #147 ) ;
#1145 = EDGE_CURVE ( 'NONE', #1863, #1810, #1913, .T. ) ;
#1146 = DIRECTION ( 'NONE',  ( -0.08682659386424780579, -0.9924325091389670783, -0.08682659386424777803 ) ) ;
#1147 = ADVANCED_FACE ( 'NONE', ( #2071 ), #1904, .F. ) ;
#1148 = ORIENTED_EDGE ( 'NONE', *, *, #760, .F. ) ;
#1149 = FACE_OUTER_BOUND ( 'NONE', #1545, .T. ) ;
#1150 = LINE ( 'NONE', #2120, #1020 ) ;
#1151 = COLOUR_RGB ( '',0.7921568627450980005, 0.8196078431372548767, 0.9333333333333333481 ) ;
#1152 =( GEOMETRIC_REPRESENTATION_CONTEXT ( 3 ) GLOBAL_UNCERTAINTY_ASSIGNED_CONTEXT ( ( #276 ) ) GLOBAL_UNIT_ASSIGNED_CONTEXT ( ( #1269, #181, #1522 ) ) REPRESENTATION_CONTEXT ( 'NONE', 'WORKASPACE' ) );
#1153 = AXIS2_PLACEMENT_3D ( 'NONE', #1334, #731, #759 ) ;
#1154 = CARTESIAN_POINT ( 'NONE',  ( 0.2777458503641846432, 0.7999999999999998224, 0.6777458503641835552 ) ) ;
#1155 = ORIENTED_EDGE ( 'NONE', *, *, #2079, .F. ) ;
#1156 = CARTESIAN_POINT ( 'NONE',  ( -0.6143141580263558055, 0.5086207370377207049, 0.4000000000000004663 ) ) ;
#1157 = EDGE_CURVE ( 'NONE', #1804, #336, #2082, .T. ) ;
#1158 = VERTEX_POINT ( 'NONE', #78 ) ;
#1159 = ORIENTED_EDGE ( 'NONE', *, *, #1571, .F. ) ;
#1160 = VECTOR ( 'NONE', #2088, 1000.000000000000114 ) ;
#1161 = DIRECTION ( 'NONE',  ( -0.000000000000000000, -0.000000000000000000, -1.000000000000000000 ) ) ;
#1162 = LINE ( 'NONE', #1027, #1467 ) ;
#1163 = DIRECTION ( 'NONE',  ( -0.9975640502598246417, -0.06975647374411866886, 0.000000000000000000 ) ) ;
#1164 = ORIENTED_EDGE ( 'NONE', *, *, #2051, .T. ) ;
#1165 = CARTESIAN_POINT ( 'NONE',  ( 0.3868767004711111679, 0.7000000000000000666, -0.1499999999999999944 ) ) ;
#1166 = APPLICATION_CONTEXT ( 'automotive_design' ) ;
#1167 = CYLINDRICAL_SURFACE ( 'NONE', #2135, 0.09999999999999999167 ) ;
#1168 = CIRCLE ( 'NONE', #1982, 0.1982998271251395772 ) ;
#1169 = CARTESIAN_POINT ( 'NONE',  ( -0.6143141580263556945, 0.5086207370377207049, 0.4000000000000004663 ) ) ;
#1170 = ORIENTED_EDGE ( 'NONE', *, *, #1604, .T. ) ;
#1171 = DIRECTION ( 'NONE',  ( 0.000000000000000000, -0.000000000000000000, -1.000000000000000000 ) ) ;
#1172 = ADVANCED_FACE ( 'NONE', ( #1418 ), #576, .T. ) ;
#1173 = ORIENTED_EDGE ( 'NONE', *, *, #1946, .T. ) ;
#1174 = CARTESIAN_POINT ( 'NONE',  ( -0.3999999999999999667, 0.5500000000000000444, -0.7999999999999998224 ) ) ;
#1175 = VECTOR ( 'NONE', #1899, 1000.000000000000000 ) ;
#1176 = ADVANCED_FACE ( 'NONE', ( #914 ), #2125, .T. ) ;
#1177 = ORIENTED_EDGE ( 'NONE', *, *, #1710, .F. ) ;
#1178 = CARTESIAN_POINT ( 'NONE',  ( 0.3693789677659266024, 0.8087155742747657028, -0.7773653201733586871 ) ) ;
#1179 = CYLINDRICAL_SURFACE ( 'NONE', #1377, 0.09999999999999999167 ) ;
#1180 = CIRCLE ( 'NONE', #2169, 0.1982998271251394107 ) ;
#1181 = ORIENTED_EDGE ( 'NONE', *, *, #1226, .F. ) ;
#1182 = CARTESIAN_POINT ( 'NONE',  ( 0.2777458503641843102, 0.7999999999999998224, -0.6777458503641842213 ) ) ;
#1183 = AXIS2_PLACEMENT_3D ( 'NONE', #97, #410, #1092 ) ;
#1184 = ORIENTED_EDGE ( 'NONE', *, *, #1771, .T. ) ;
#1185 = ORIENTED_EDGE ( 'NONE', *, *, #627, .T. ) ;
#1186 = ORIENTED_EDGE ( 'NONE', *, *, #684, .F. ) ;
#1187 = DIRECTION ( 'NONE',  ( -0.9975640502598246417, -0.06975647374411866886, 0.000000000000000000 ) ) ;
#1188 = APPLICATION_PROTOCOL_DEFINITION ( 'draft international standard', 'automotive_design', 1998, #1586 ) ;
#1189 = VERTEX_POINT ( 'NONE', #1667 ) ;
#1190 = ORIENTED_EDGE ( 'NONE', *, *, #737, .T. ) ;
#1191 = CARTESIAN_POINT ( 'NONE',  ( 0.3999999999999997446, 0.5500000000000000444, 0.1000000000000004774 ) ) ;
#1192 = CARTESIAN_POINT ( 'NONE',  ( 0.4161351297980188657, 0.7000000000000000666, 0.1499999999999999944 ) ) ;
#1193 = ADVANCED_FACE ( 'NONE', ( #141 ), #2016, .T. ) ;
#1194 = CARTESIAN_POINT ( 'NONE',  ( -0.8000000000000001554, 0.1496346075389737296, -0.3999999999999995226 ) ) ;
#1195 = LINE ( 'NONE', #1900, #502 ) ;
#1196 = ORIENTED_EDGE ( 'NONE', *, *, #1611, .T. ) ;
#1197 = FACE_OUTER_BOUND ( 'NONE', #323, .T. ) ;
#1198 = CARTESIAN_POINT ( 'NONE',  ( -0.4644055339734912136, 0.5033858125323456001, 0.6000000000000005329 ) ) ;
#1199 =( NAMED_UNIT ( * ) PLANE_ANGLE_UNIT ( ) SI_UNIT ( $, .RADIAN. ) );
#1200 = ORIENTED_EDGE ( 'NONE', *, *, #541, .T. ) ;
#1201 = CARTESIAN_POINT ( 'NONE',  ( -0.2689969840115917776, 0.2000000000000003719, -0.6689969840115916888 ) ) ;
#1202 = VECTOR ( 'NONE', #491, 1000.000000000000000 ) ;
#1203 = LINE ( 'NONE', #832, #1376 ) ;
#1204 = CARTESIAN_POINT ( 'NONE',  ( 0.6143141580263558055, 0.5086207370377207049, 0.1499999999999999944 ) ) ;
#1205 = CARTESIAN_POINT ( 'NONE',  ( -0.6698098026056367171, 0.1587383929890570089, -0.5999999999999996447 ) ) ;
#1206 = VECTOR ( 'NONE', #2151, 1000.000000000000227 ) ;
#1207 = CARTESIAN_POINT ( 'NONE',  ( 0.8000000000000001554, 0.1496346075389737296, -0.1499999999999999944 ) ) ;
#1208 = EDGE_LOOP ( 'NONE', ( #1849, #866, #192, #111 ) ) ;
#1209 = EDGE_LOOP ( 'NONE', ( #1640, #694, #959, #1350 ) ) ;
#1210 = ORIENTED_EDGE ( 'NONE', *, *, #134, .F. ) ;
#1211 = CARTESIAN_POINT ( 'NONE',  ( -0.3011315471681862976, 0.5585841633314967414, -0.8007510169773607300 ) ) ;
#1212 = CARTESIAN_POINT ( 'NONE',  ( -0.3999999999999997446, 0.5500000000000000444, -0.3999999999999995226 ) ) ;
#1213 = ORIENTED_EDGE ( 'NONE', *, *, #814, .F. ) ;
#1214 = DIRECTION ( 'NONE',  ( 0.9961946980917455452, 0.08715574274765806873, 0.000000000000000000 ) ) ;
#1215 = EDGE_CURVE ( 'NONE', #1781, #578, #983, .T. ) ;
#1216 = LINE ( 'NONE', #1750, #763 ) ;
#1217 = CARTESIAN_POINT ( 'NONE',  ( 0.6143141580263558055, 0.5086207370377207049, -0.1499999999999999944 ) ) ;
#1218 = EDGE_CURVE ( 'NONE', #30, #307, #801, .T. ) ;
#1219 = CARTESIAN_POINT ( 'NONE',  ( -0.3868767004711111679, 0.7000000000000000666, -0.3999999999999995226 ) ) ;
#1220 = AXIS2_PLACEMENT_3D ( 'NONE', #334, #1514, #536 ) ;
#1221 = DIRECTION ( 'NONE',  ( 0.08682659386424780579, 0.9924325091389670783, 0.08682659386424776415 ) ) ;
#1222 = ADVANCED_FACE ( 'NONE', ( #304 ), #295, .T. ) ;
#1223 = ORIENTED_EDGE ( 'NONE', *, *, #529, .T. ) ;
#1224 = EDGE_CURVE ( 'NONE', #149, #1647, #1340, .T. ) ;
#1225 = DIRECTION ( 'NONE',  ( 1.000000000000000000, 0.000000000000000000, 0.000000000000000000 ) ) ;
#1226 = EDGE_CURVE ( 'NONE', #477, #841, #2177, .T. ) ;
#1227 = APPLICATION_PROTOCOL_DEFINITION ( 'draft international standard', 'automotive_design', 1998, #1166 ) ;
#1228 = ORIENTED_EDGE ( 'NONE', *, *, #1296, .F. ) ;
#1229 = CARTESIAN_POINT ( 'NONE',  ( -0.8000000000000001554, 0.1496346075389737296, 0.6000000000000005329 ) ) ;
#1230 =( NAMED_UNIT ( * ) PLANE_ANGLE_UNIT ( ) SI_UNIT ( $, .RADIAN. ) );
#1231 = CARTESIAN_POINT ( 'NONE',  ( -0.3868767004711111679, 0.7000000000000000666, 0.6000000000000005329 ) ) ;
#1232 = CYLINDRICAL_SURFACE ( 'NONE', #947, 0.1000000000000000472 ) ;
#1233 = VECTOR ( 'NONE', #176, 1000.000000000000000 ) ;
#1234 = ORIENTED_EDGE ( 'NONE', *, *, #606, .F. ) ;
#1235 = ORIENTED_EDGE ( 'NONE', *, *, #1001, .T. ) ;
#1236 = VECTOR ( 'NONE', #969, 1000.000000000000000 ) ;
#1237 = PLANE ( 'NONE',  #639 ) ;
#1238 = EDGE_LOOP ( 'NONE', ( #939, #2087, #264 ) ) ;
#1239 = ADVANCED_FACE ( 'NONE', ( #1312 ), #1980, .F. ) ;
#1240 = CARTESIAN_POINT ( 'NONE',  ( 0.2689969840115922217, 0.2000000000000003719, 0.6689969840115912447 ) ) ;
#1241 = CARTESIAN_POINT ( 'NONE',  ( -0.4161351297980188657, 0.7000000000000000666, 0.6000000000000005329 ) ) ;
#1242 = AXIS2_PLACEMENT_3D ( 'NONE', #1641, #1989, #501 ) ;
#1243 = CARTESIAN_POINT ( 'NONE',  ( 0.4000000000000000777, 0.5500000000000000444, -0.7999999999999999334 ) ) ;
#1244 = FACE_OUTER_BOUND ( 'NONE', #271, .T. ) ;
#1245 = AXIS2_PLACEMENT_3D ( 'NONE', #752, #81, #436 ) ;
#1246 = CARTESIAN_POINT ( 'NONE',  ( -0.4644055339734912136, 0.5033858125323456001, -0.3999999999999995226 ) ) ;
#1247 = DIRECTION ( 'NONE',  ( 1.000000000000000000, 0.000000000000000000, -0.000000000000000000 ) ) ;
#1248 = EDGE_LOOP ( 'NONE', ( #1497, #1311, #354, #2060 ) ) ;
#1249 = CARTESIAN_POINT ( 'NONE',  ( -0.3999999999999997446, 0.5500000000000000444, -0.5999999999999996447 ) ) ;
#1250 = CARTESIAN_POINT ( 'NONE',  ( 0.4161351297980188102, 0.5017001728748604616, 0.1499999999999999944 ) ) ;
#1251 = CIRCLE ( 'NONE', #1462, 0.1982998271251395772 ) ;
#1252 = CARTESIAN_POINT ( 'NONE',  ( -0.6731790282283369731, 0.2069205641628604764, -0.3999999999999995226 ) ) ;
#1253 = ADVANCED_FACE ( 'NONE', ( #967 ), #1143, .F. ) ;
#1254 = ORIENTED_EDGE ( 'NONE', *, *, #919, .F. ) ;
#1255 = CARTESIAN_POINT ( 'NONE',  ( -0.2689969840115917776, 0.2000000000000003719, -0.6689969840115916888 ) ) ;
#1256 = CARTESIAN_POINT ( 'NONE',  ( -0.4161351297980188102, 0.5017001728748604616, -0.5999999999999996447 ) ) ;
#1257 = VECTOR ( 'NONE', #743, 1000.000000000000227 ) ;
#1258 = VERTEX_POINT ( 'NONE', #470 ) ;
#1259 = LINE ( 'NONE', #758, #1283 ) ;
#1260 = FACE_OUTER_BOUND ( 'NONE', #681, .T. ) ;
#1261 = VECTOR ( 'NONE', #1306, 1000.000000000000114 ) ;
#1262 = ADVANCED_FACE ( 'NONE', ( #1291 ), #1848, .F. ) ;
#1263 = DIRECTION ( 'NONE',  ( 0.000000000000000000, 0.000000000000000000, 1.000000000000000000 ) ) ;
#1264 = ADVANCED_FACE ( 'NONE', ( #950 ), #824, .F. ) ;
#1265 = VECTOR ( 'NONE', #1321, 1000.000000000000000 ) ;
#1266 = ORIENTED_EDGE ( 'NONE', *, *, #1771, .F. ) ;
#1267 = ORIENTED_EDGE ( 'NONE', *, *, #641, .T. ) ;
#1268 = DIRECTION ( 'NONE',  ( -1.355252715606881036E-16, 0.000000000000000000, -1.000000000000000000 ) ) ;
#1269 =( LENGTH_UNIT ( ) NAMED_UNIT ( * ) SI_UNIT ( .MILLI., .METRE. ) );
#1270 = DIRECTION ( 'NONE',  ( -1.000000000000000000, 0.000000000000000000, 0.000000000000000000 ) ) ;
#1271 = AXIS2_PLACEMENT_3D ( 'NONE', #1131, #958, #154 ) ;
#1272 = ORIENTED_EDGE ( 'NONE', *, *, #1387, .T. ) ;
#1273 = ORIENTED_EDGE ( 'NONE', *, *, #938, .T. ) ;
#1274 = ORIENTED_EDGE ( 'NONE', *, *, #1103, .T. ) ;
#1275 = ORIENTED_EDGE ( 'NONE', *, *, #1454, .T. ) ;
#1276 = DIRECTION ( 'NONE',  ( 0.9993908270190957621, -0.03489949670250146879, 0.000000000000000000 ) ) ;
#1277 = LINE ( 'NONE', #1627, #809 ) ;
#1278 = UNCERTAINTY_MEASURE_WITH_UNIT (LENGTH_MEASURE( 1.000000000000000082E-05 ), #71, 'distance_accuracy_value', 'NONE');
#1279 = DIRECTION ( 'NONE',  ( -0.000000000000000000, -0.000000000000000000, -1.000000000000000000 ) ) ;
#1280 = VERTEX_POINT ( 'NONE', #2168 ) ;
#1281 = CARTESIAN_POINT ( 'NONE',  ( -0.2951004612465324417, 0.4896485358045482572, 0.7947199310557067076 ) ) ;
#1282 = EDGE_CURVE ( 'NONE', #982, #542, #121, .T. ) ;
#1283 = VECTOR ( 'NONE', #887, 1000.000000000000000 ) ;
#1284 = CARTESIAN_POINT ( 'NONE',  ( -0.3999999999999997446, 0.5500000000000000444, 0.6000000000000005329 ) ) ;
#1285 = CARTESIAN_POINT ( 'NONE',  ( -0.4644055339734912136, 0.5033858125323456001, 0.6000000000000005329 ) ) ;
#1286 = CARTESIAN_POINT ( 'NONE',  ( -0.3003805301908254455, 0.5500000000000000444, -0.7999999999999998224 ) ) ;
#1287 = VECTOR ( 'NONE', #649, 1000.000000000000000 ) ;
#1288 = CARTESIAN_POINT ( 'NONE',  ( -0.3773653201733585538, 0.8087155742747657028, 0.6777458503641836662 ) ) ;
#1289 = CARTESIAN_POINT ( 'NONE',  ( 0.3773653201733588314, 0.8087155742747657028, -0.6777458503641842213 ) ) ;
#1290 = ORIENTED_EDGE ( 'NONE', *, *, #259, .F. ) ;
#1291 = FACE_OUTER_BOUND ( 'NONE', #745, .T. ) ;
#1292 = ORIENTED_EDGE ( 'NONE', *, *, #1035, .T. ) ;
#1293 = DIRECTION ( 'NONE',  ( -0.000000000000000000, -0.000000000000000000, -1.000000000000000000 ) ) ;
#1294 = CARTESIAN_POINT ( 'NONE',  ( -0.4161351297980188102, 0.5017001728748604616, -0.3999999999999995226 ) ) ;
#1295 = DIRECTION ( 'NONE',  ( 0.9975640502598246417, 0.06975647374411866886, 0.000000000000000000 ) ) ;
#1296 = EDGE_CURVE ( 'NONE', #2099, #388, #1812, .T. ) ;
#1297 = VECTOR ( 'NONE', #635, 1000.000000000000114 ) ;
#1298 = DIRECTION ( 'NONE',  ( -0.000000000000000000, -0.000000000000000000, -1.000000000000000000 ) ) ;
#1299 = VERTEX_POINT ( 'NONE', #1156 ) ;
#1300 = EDGE_LOOP ( 'NONE', ( #423, #2176, #543, #1506 ) ) ;
#1301 = DIRECTION ( 'NONE',  ( 0.9961946980917455452, 0.08715574274765836016, -2.025143354793023158E-16 ) ) ;
#1302 = ADVANCED_FACE ( 'NONE', ( #324 ), #1803, .T. ) ;
#1303 = AXIS2_PLACEMENT_3D ( 'NONE', #613, #1279, #453 ) ;
#1304 = ORIENTED_EDGE ( 'NONE', *, *, #120, .F. ) ;
#1305 = EDGE_CURVE ( 'NONE', #2133, #547, #1739, .T. ) ;
#1306 = DIRECTION ( 'NONE',  ( 0.08682659386424776415, 0.9924325091389669673, -0.08682659386424781967 ) ) ;
#1307 = CARTESIAN_POINT ( 'NONE',  ( -0.2777458503641840326, 0.8087155742747657028, 0.7773653201733582430 ) ) ;
#1308 = CIRCLE ( 'NONE', #194, 0.09999999999999999167 ) ;
#1309 = DIRECTION ( 'NONE',  ( -0.000000000000000000, -0.000000000000000000, -1.000000000000000000 ) ) ;
#1310 = EDGE_CURVE ( 'NONE', #1158, #1104, #1122, .T. ) ;
#1311 = ORIENTED_EDGE ( 'NONE', *, *, #1157, .T. ) ;
#1312 = FACE_OUTER_BOUND ( 'NONE', #277, .T. ) ;
#1313 = ORIENTED_EDGE ( 'NONE', *, *, #712, .T. ) ;
#1314 = DIRECTION ( 'NONE',  ( -1.000000000000000000, 0.000000000000000000, 0.000000000000000000 ) ) ;
#1315 = ORIENTED_EDGE ( 'NONE', *, *, #991, .F. ) ;
#1316 = CARTESIAN_POINT ( 'NONE',  ( -0.4161351297980188102, 0.5500000000000000444, -0.3999999999999995226 ) ) ;
#1317 = DIRECTION ( 'NONE',  ( -0.9961946980917455452, 0.08715574274765806873, 0.000000000000000000 ) ) ;
#1318 = EDGE_CURVE ( 'NONE', #260, #485, #403, .T. ) ;
#1319 = CARTESIAN_POINT ( 'NONE',  ( -0.2777458503641841436, 0.7999999999999998224, -0.6777458503641841103 ) ) ;
#1320 = ADVANCED_FACE ( 'NONE', ( #1693 ), #52, .T. ) ;
#1321 = DIRECTION ( 'NONE',  ( -0.000000000000000000, -0.000000000000000000, -1.000000000000000000 ) ) ;
#1322 = ORIENTED_EDGE ( 'NONE', *, *, #1318, .T. ) ;
#1323 = CARTESIAN_POINT ( 'NONE',  ( 0.4000000000000000777, 0.5500000000000000444, -0.7999999999999999334 ) ) ;
#1324 = AXIS2_PLACEMENT_3D ( 'NONE', #114, #1268, #1625 ) ;
#1325 = ORIENTED_EDGE ( 'NONE', *, *, #315, .F. ) ;
#1326 = ORIENTED_EDGE ( 'NONE', *, *, #972, .T. ) ;
#1327 = FILL_AREA_STYLE_COLOUR ( '', #692 ) ;
#1328 = LINE ( 'NONE', #870, #1010 ) ;
#1329 = VECTOR ( 'NONE', #72, 1000.000000000000000 ) ;
#1330 = ORIENTED_EDGE ( 'NONE', *, *, #814, .T. ) ;
#1331 = AXIS2_PLACEMENT_3D ( 'NONE', #1718, #362, #376 ) ;
#1332 = VECTOR ( 'NONE', #1871, 1000.000000000000114 ) ;
#1333 = CARTESIAN_POINT ( 'NONE',  ( 0.3003805301908257785, 0.5500000000000000444, 0.7999999999999992673 ) ) ;
#1334 = CARTESIAN_POINT ( 'NONE',  ( 0.6731790282283369731, 0.2069205641628604764, -0.1499999999999999944 ) ) ;
#1335 = ORIENTED_EDGE ( 'NONE', *, *, #146, .F. ) ;
#1336 = ADVANCED_FACE ( 'NONE', ( #561 ), #1681, .T. ) ;
#1337 = DIRECTION ( 'NONE',  ( 0.000000000000000000, 0.000000000000000000, 1.000000000000000000 ) ) ;
#1338 = ORIENTED_EDGE ( 'NONE', *, *, #1579, .F. ) ;
#1339 = EDGE_LOOP ( 'NONE', ( #2080, #2012, #68, #657 ) ) ;
#1340 = CIRCLE ( 'NONE', #2089, 0.1000000000000000472 ) ;
#1341 = SURFACE_SIDE_STYLE ('',( #827 ) ) ;
#1342 = LINE ( 'NONE', #557, #1594 ) ;
#1343 = CARTESIAN_POINT ( 'NONE',  ( -0.3868767004711111679, 0.7000000000000000666, -0.3999999999999995226 ) ) ;
#1344 = VERTEX_POINT ( 'NONE', #539 ) ;
#1345 = CYLINDRICAL_SURFACE ( 'NONE', #82, 0.1000000000000000472 ) ;
#1346 = CARTESIAN_POINT ( 'NONE',  ( 0.4161351297980188657, 0.7000000000000000666, -0.1499999999999999944 ) ) ;
#1347 = AXIS2_PLACEMENT_3D ( 'NONE', #366, #515, #1037 ) ;
#1348 = CARTESIAN_POINT ( 'NONE',  ( -0.6593463315440190042, 0.009103785450083281064, -0.3999999999999995226 ) ) ;
#1349 = DIRECTION ( 'NONE',  ( 0.000000000000000000, -1.000000000000000000, 0.000000000000000000 ) ) ;
#1350 = ORIENTED_EDGE ( 'NONE', *, *, #2002, .T. ) ;
#1351 = CARTESIAN_POINT ( 'NONE',  ( -0.4161351297980188657, 0.7000000000000000666, -0.5999999999999996447 ) ) ;
#1352 = VERTEX_POINT ( 'NONE', #1205 ) ;
#1353 = ORIENTED_EDGE ( 'NONE', *, *, #1707, .F. ) ;
#1354 = ORIENTED_EDGE ( 'NONE', *, *, #1413, .F. ) ;
#1355 = VECTOR ( 'NONE', #1720, 1000.000000000000000 ) ;
#1356 = DIRECTION ( 'NONE',  ( -0.9975640502598246417, -0.06975647374411877988, 0.000000000000000000 ) ) ;
#1357 = DIRECTION ( 'NONE',  ( 1.000000000000000000, 0.000000000000000000, 0.000000000000000000 ) ) ;
#1358 = EDGE_CURVE ( 'NONE', #336, #1053, #1540, .T. ) ;
#1359 = VERTEX_POINT ( 'NONE', #1231 ) ;
#1360 = ORIENTED_EDGE ( 'NONE', *, *, #1064, .F. ) ;
#1361 = CARTESIAN_POINT ( 'NONE',  ( -0.4750000000000001443, 0.1999999999999999833, -0.5999999999999996447 ) ) ;
#1362 = CARTESIAN_POINT ( 'NONE',  ( 0.4007510169773609854, 0.5414158366685034585, -0.7011315471681863754 ) ) ;
#1363 = FACE_OUTER_BOUND ( 'NONE', #76, .T. ) ;
#1364 = STYLED_ITEM ( 'NONE', ( #2112 ), #442 ) ;
#1365 = AXIS2_PLACEMENT_3D ( 'NONE', #342, #1842, #1369 ) ;
#1366 = ORIENTED_EDGE ( 'NONE', *, *, #1429, .F. ) ;
#1367 = VERTEX_POINT ( 'NONE', #1529 ) ;
#1368 = ORIENTED_EDGE ( 'NONE', *, *, #1557, .T. ) ;
#1369 = DIRECTION ( 'NONE',  ( 0.000000000000000000, -1.000000000000000000, 2.168404344971008868E-15 ) ) ;
#1370 = PLANE ( 'NONE',  #1554 ) ;
#1371 = ORIENTED_EDGE ( 'NONE', *, *, #1860, .F. ) ;
#1372 = DIRECTION ( 'NONE',  ( 0.000000000000000000, 0.000000000000000000, -1.000000000000000000 ) ) ;
#1373 = CARTESIAN_POINT ( 'NONE',  ( 0.2777458503641844767, 0.7999999999999998224, -5.646237269319053312E-17 ) ) ;
#1374 = AXIS2_PLACEMENT_3D ( 'NONE', #1700, #1357, #1866 ) ;
#1375 = LINE ( 'NONE', #187, #768 ) ;
#1376 = VECTOR ( 'NONE', #2065, 1000.000000000000000 ) ;
#1377 = AXIS2_PLACEMENT_3D ( 'NONE', #2014, #208, #363 ) ;
#1378 = EDGE_CURVE ( 'NONE', #66, #2095, #1861, .T. ) ;
#1379 = LINE ( 'NONE', #1392, #1175 ) ;
#1380 = CARTESIAN_POINT ( 'NONE',  ( -0.6731790282283369731, 0.2069205641628604764, 0.6000000000000005329 ) ) ;
#1381 = CARTESIAN_POINT ( 'NONE',  ( -0.3011315471681861311, 0.5327002623937374670, 0.7011315471681858202 ) ) ;
#1382 = ORIENTED_EDGE ( 'NONE', *, *, #12, .T. ) ;
#1383 = ADVANCED_FACE ( 'NONE', ( #690 ), #39, .F. ) ;
#1384 = ORIENTED_EDGE ( 'NONE', *, *, #1305, .F. ) ;
#1385 = DIRECTION ( 'NONE',  ( -1.350095569862014863E-16, 0.08715574274765836016, -0.9961946980917455452 ) ) ;
#1386 = FILL_AREA_STYLE ('',( #1686 ) ) ;
#1387 = EDGE_CURVE ( 'NONE', #2070, #1979, #115, .T. ) ;
#1388 = ORIENTED_EDGE ( 'NONE', *, *, #1485, .T. ) ;
#1389 = PLANE ( 'NONE',  #333 ) ;
#1390 = DIRECTION ( 'NONE',  ( -5.421010862427519212E-16, 0.000000000000000000, 1.000000000000000000 ) ) ;
#1391 = DIRECTION ( 'NONE',  ( 0.9975640502598246417, -0.06975647374411877988, 0.000000000000000000 ) ) ;
#1392 = CARTESIAN_POINT ( 'NONE',  ( -0.8000000000000001554, 0.1496346075389737296, -0.3999999999999995226 ) ) ;
#1393 = EDGE_CURVE ( 'NONE', #440, #518, #1195, .T. ) ;
#1394 = DIRECTION ( 'NONE',  ( -0.9975640502598247528, 0.06975647374411809987, 0.000000000000000000 ) ) ;
#1395 = VECTOR ( 'NONE', #993, 1000.000000000000227 ) ;
#1396 = EDGE_CURVE ( 'NONE', #1280, #2070, #1874, .T. ) ;
#1397 = VERTEX_POINT ( 'NONE', #60 ) ;
#1398 = DIRECTION ( 'NONE',  ( 0.000000000000000000, 0.9961946980917455452, 0.08715574274765836016 ) ) ;
#1399 = ORIENTED_EDGE ( 'NONE', *, *, #298, .F. ) ;
#1400 = LINE ( 'NONE', #1431, #725 ) ;
#1401 = PRESENTATION_STYLE_ASSIGNMENT (( #1775 ) ) ;
#1402 = ADVANCED_FACE ( 'NONE', ( #1363 ), #702, .F. ) ;
#1403 = AXIS2_PLACEMENT_3D ( 'NONE', #1229, #730, #1897 ) ;
#1404 = DIRECTION ( 'NONE',  ( 0.08682659386424779191, -0.9924325091389669673, 0.08682659386424777803 ) ) ;
#1405 = LINE ( 'NONE', #1207, #1257 ) ;
#1406 = PLANE ( 'NONE',  #240 ) ;
#1407 = DIRECTION ( 'NONE',  ( 0.000000000000000000, -0.000000000000000000, -1.000000000000000000 ) ) ;
#1408 = EDGE_LOOP ( 'NONE', ( #904, #2019, #355, #327 ) ) ;
#1409 = FACE_OUTER_BOUND ( 'NONE', #179, .T. ) ;
#1410 = CARTESIAN_POINT ( 'NONE',  ( -0.6698098026056367171, 0.1587383929890570089, -0.3999999999999995226 ) ) ;
#1411 = DIRECTION ( 'NONE',  ( -0.08682659386424777803, 0.9924325091389670783, 0.08682659386424781967 ) ) ;
#1412 = STYLED_ITEM ( 'NONE', ( #1661 ), #1562 ) ;
#1413 = EDGE_CURVE ( 'NONE', #370, #1258, #13, .T. ) ;
#1414 = EDGE_LOOP ( 'NONE', ( #593, #1930, #1546, #739 ) ) ;
#1415 = ADVANCED_FACE ( 'NONE', ( #1021 ), #2042, .T. ) ;
#1416 = DIRECTION ( 'NONE',  ( 9.485539906266024204E-17, 1.084202172485504631E-15, -1.000000000000000000 ) ) ;
#1417 = AXIS2_PLACEMENT_3D ( 'NONE', #1174, #1851, #1013 ) ;
#1418 = FACE_OUTER_BOUND ( 'NONE', #278, .T. ) ;
#1419 = EDGE_LOOP ( 'NONE', ( #29, #1008, #2045, #1074 ) ) ;
#1420 = ADVANCED_FACE ( 'NONE', ( #1570 ), #722, .F. ) ;
#1421 = LINE ( 'NONE', #928, #591 ) ;
#1422 = CARTESIAN_POINT ( 'NONE',  ( -0.6593463315440190042, 0.009103785450083281064, 0.4000000000000004663 ) ) ;
#1423 = VECTOR ( 'NONE', #1404, 1000.000000000000114 ) ;
#1424 = DIRECTION ( 'NONE',  ( 0.000000000000000000, -0.000000000000000000, -1.000000000000000000 ) ) ;
#1425 = VERTEX_POINT ( 'NONE', #863 ) ;
#1426 = CARTESIAN_POINT ( 'NONE',  ( -0.3999999999999997446, 0.5500000000000000444, 0.4000000000000004663 ) ) ;
#1427 = AXIS2_PLACEMENT_3D ( 'NONE', #1056, #836, #380 ) ;
#1428 = VERTEX_POINT ( 'NONE', #2068 ) ;
#1429 = EDGE_CURVE ( 'NONE', #2099, #485, #1308, .T. ) ;
#1430 = ORIENTED_EDGE ( 'NONE', *, *, #2056, .T. ) ;
#1431 = CARTESIAN_POINT ( 'NONE',  ( -0.3868767004711111679, 0.7000000000000000666, -0.5999999999999996447 ) ) ;
#1432 = ADVANCED_FACE ( 'NONE', ( #1721 ), #211, .T. ) ;
#1433 = PLANE ( 'NONE',  #1644 ) ;
#1434 = FACE_OUTER_BOUND ( 'NONE', #1662, .T. ) ;
#1435 = CARTESIAN_POINT ( 'NONE',  ( 0.2689969840115918887, 0.2000000000000003719, -0.6689969840115916888 ) ) ;
#1436 = EDGE_LOOP ( 'NONE', ( #882, #164, #1656, #468 ) ) ;
#1437 = DIRECTION ( 'NONE',  ( 0.08715574274765808260, 0.9961946980917455452, -0.000000000000000000 ) ) ;
#1438 = CARTESIAN_POINT ( 'NONE',  ( -0.6593463315440190042, 0.009103785450083281064, -0.3999999999999995226 ) ) ;
#1439 = AXIS2_PLACEMENT_3D ( 'NONE', #2075, #70, #236 ) ;
#1440 =( NAMED_UNIT ( * ) PLANE_ANGLE_UNIT ( ) SI_UNIT ( $, .RADIAN. ) );
#1441 = VERTEX_POINT ( 'NONE', #91 ) ;
#1442 = AXIS2_PLACEMENT_3D ( 'NONE', #1655, #1987, #152 ) ;
#1443 = VERTEX_POINT ( 'NONE', #1752 ) ;
#1444 = VECTOR ( 'NONE', #1751, 1000.000000000000000 ) ;
#1445 = VERTEX_POINT ( 'NONE', #100 ) ;
#1446 = CARTESIAN_POINT ( 'NONE',  ( 0.4000000000000000777, 0.5500000000000000444, -0.7003805301908252456 ) ) ;
#1447 = CARTESIAN_POINT ( 'NONE',  ( -0.3868767004711111679, 0.7000000000000000666, 0.4000000000000004663 ) ) ;
#1448 = DIRECTION ( 'NONE',  ( -2.032879073410321800E-16, -0.000000000000000000, -1.000000000000000000 ) ) ;
#1449 = CIRCLE ( 'NONE', #744, 0.09999999999999999167 ) ;
#1450 = ORIENTED_EDGE ( 'NONE', *, *, #95, .F. ) ;
#1451 = ADVANCED_FACE ( 'NONE', ( #1434 ), #1951, .F. ) ;
#1452 = DIRECTION ( 'NONE',  ( 0.000000000000000000, -1.000000000000000000, 0.000000000000000000 ) ) ;
#1453 = EDGE_CURVE ( 'NONE', #1912, #1344, #936, .T. ) ;
#1454 = EDGE_CURVE ( 'NONE', #1053, #2015, #778, .T. ) ;
#1455 = CARTESIAN_POINT ( 'NONE',  ( 0.4644055339734913246, 0.5033858125323456001, 0.1499999999999999944 ) ) ;
#1456 = AXIS2_PLACEMENT_3D ( 'NONE', #275, #2103, #1919 ) ;
#1457 = DIRECTION ( 'NONE',  ( 0.000000000000000000, 0.000000000000000000, 1.000000000000000000 ) ) ;
#1458 = CARTESIAN_POINT ( 'NONE',  ( 0.3886888451340540507, 0.6792870917224000937, 0.6890693753248784414 ) ) ;
#1459 = FILL_AREA_STYLE_COLOUR ( '', #1141 ) ;
#1460 = CARTESIAN_POINT ( 'NONE',  ( 0.7895365289383824425, -1.527135300683080830E-17, 0.1000000000000004774 ) ) ;
#1461 = ORIENTED_EDGE ( 'NONE', *, *, #1677, .F. ) ;
#1462 = AXIS2_PLACEMENT_3D ( 'NONE', #1256, #405, #270 ) ;
#1463 = CARTESIAN_POINT ( 'NONE',  ( -0.6731790282283369731, 0.2069205641628604764, -0.5999999999999996447 ) ) ;
#1464 = EDGE_CURVE ( 'NONE', #64, #546, #1610, .T. ) ;
#1465 = DIRECTION ( 'NONE',  ( -1.000000000000000000, 0.000000000000000000, 0.000000000000000000 ) ) ;
#1466 = CARTESIAN_POINT ( 'NONE',  ( -0.4161351297980188102, 0.5500000000000000444, 0.4000000000000004663 ) ) ;
#1467 = VECTOR ( 'NONE', #1002, 1000.000000000000000 ) ;
#1468 = FACE_OUTER_BOUND ( 'NONE', #2007, .T. ) ;
#1469 = CARTESIAN_POINT ( 'NONE',  ( 0.000000000000000000, 0.1000000000000003664, 0.000000000000000000 ) ) ;
#1470 = VERTEX_POINT ( 'NONE', #109 ) ;
#1471 = DIRECTION ( 'NONE',  ( -1.000000000000000000, 0.000000000000000000, 5.441718243242722918E-16 ) ) ;
#1472 = ORIENTED_EDGE ( 'NONE', *, *, #1841, .F. ) ;
#1473 = DIRECTION ( 'NONE',  ( 0.9993908270190957621, -0.03489949670250146879, 0.000000000000000000 ) ) ;
#1474 = VECTOR ( 'NONE', #520, 1000.000000000000000 ) ;
#1475 = DIRECTION ( 'NONE',  ( 0.03489949670250198921, -0.9993908270190956511, 0.000000000000000000 ) ) ;
#1476 = CARTESIAN_POINT ( 'NONE',  ( -0.3868767004711111679, 0.7000000000000000666, 0.6000000000000005329 ) ) ;
#1477 = CARTESIAN_POINT ( 'NONE',  ( -0.7895365289383824425, -1.527135300683080830E-17, 0.6000000000000005329 ) ) ;
#1478 = LINE ( 'NONE', #964, #218 ) ;
#1479 = ORIENTED_EDGE ( 'NONE', *, *, #737, .F. ) ;
#1480 = CARTESIAN_POINT ( 'NONE',  ( -0.4644055339734912136, 0.5033858125323456001, 0.4000000000000004663 ) ) ;
#1481 = VERTEX_POINT ( 'NONE', #611 ) ;
#1482 = LINE ( 'NONE', #1281, #1517 ) ;
#1483 = VECTOR ( 'NONE', #738, 1000.000000000000000 ) ;
#1484 = ORIENTED_EDGE ( 'NONE', *, *, #637, .T. ) ;
#1485 = EDGE_CURVE ( 'NONE', #93, #1397, #898, .T. ) ;
#1486 = EDGE_CURVE ( 'NONE', #1481, #1425, #761, .T. ) ;
#1487 = LINE ( 'NONE', #787, #1637 ) ;
#1488 = DIRECTION ( 'NONE',  ( 0.000000000000000000, -0.9961946980917455452, -0.08715574274765836016 ) ) ;
#1489 = VECTOR ( 'NONE', #322, 1000.000000000000000 ) ;
#1490 = EDGE_CURVE ( 'NONE', #1915, #2166, #572, .T. ) ;
#1491 = CARTESIAN_POINT ( 'NONE',  ( 0.2689969840115918887, 0.1912844257252345193, -0.7686164538207662655 ) ) ;
#1492 = LINE ( 'NONE', #1798, #2004 ) ;
#1493 = CLOSED_SHELL ( 'NONE', ( #1097, #1253, #524, #15, #1451, #1336, #1264, #1602, #368, #1383, #1262, #172, #823, #1239 ) ) ;
#1494 = VERTEX_POINT ( 'NONE', #401 ) ;
#1495 = DIRECTION ( 'NONE',  ( 0.000000000000000000, 0.000000000000000000, 1.000000000000000000 ) ) ;
#1496 = CYLINDRICAL_SURFACE ( 'NONE', #359, 0.1000000000000000056 ) ;
#1497 = ORIENTED_EDGE ( 'NONE', *, *, #1576, .T. ) ;
#1498 = CIRCLE ( 'NONE', #1439, 0.1000000000000000056 ) ;
#1499 = CARTESIAN_POINT ( 'NONE',  ( -0.6593463315440190042, 0.009103785450083281064, 0.6000000000000005329 ) ) ;
#1500 = EDGE_CURVE ( 'NONE', #654, #404, #1527, .T. ) ;
#1501 = LINE ( 'NONE', #175, #977 ) ;
#1502 = LINE ( 'NONE', #1976, #926 ) ;
#1503 = VERTEX_POINT ( 'NONE', #238 ) ;
#1504 = DIRECTION ( 'NONE',  ( 0.000000000000000000, 0.000000000000000000, 1.000000000000000000 ) ) ;
#1505 = EDGE_LOOP ( 'NONE', ( #2170, #1234, #487, #1228 ) ) ;
#1506 = ORIENTED_EDGE ( 'NONE', *, *, #2079, .T. ) ;
#1507 = SURFACE_SIDE_STYLE ('',( #435 ) ) ;
#1508 = CARTESIAN_POINT ( 'NONE',  ( -0.3999999999999999667, 0.5500000000000000444, -0.7999999999999998224 ) ) ;
#1509 = LINE ( 'NONE', #829, #1474 ) ;
#1510 = CIRCLE ( 'NONE', #2003, 0.04829982712513945092 ) ;
#1511 = ORIENTED_EDGE ( 'NONE', *, *, #1103, .F. ) ;
#1512 = DIRECTION ( 'NONE',  ( 0.9975640502598246417, -0.06975647374411877988, 0.000000000000000000 ) ) ;
#1513 = STYLED_ITEM ( 'NONE', ( #1401 ), #1875 ) ;
#1514 = DIRECTION ( 'NONE',  ( -0.000000000000000000, -0.000000000000000000, -1.000000000000000000 ) ) ;
#1515 = CARTESIAN_POINT ( 'NONE',  ( 0.2777458503641845877, 0.7999999999999998224, 0.6777458503641834442 ) ) ;
#1516 = ORIENTED_EDGE ( 'NONE', *, *, #1917, .F. ) ;
#1517 = VECTOR ( 'NONE', #1971, 1000.000000000000114 ) ;
#1518 = DIRECTION ( 'NONE',  ( 0.9975640502598247528, 0.06975647374411809987, -0.000000000000000000 ) ) ;
#1519 = EDGE_LOOP ( 'NONE', ( #810, #1107, #1360, #1692 ) ) ;
#1520 = ORIENTED_EDGE ( 'NONE', *, *, #1890, .F. ) ;
#1521 = AXIS2_PLACEMENT_3D ( 'NONE', #165, #313, #1657 ) ;
#1522 =( NAMED_UNIT ( * ) SI_UNIT ( $, .STERADIAN. ) SOLID_ANGLE_UNIT ( ) );
#1523 = CARTESIAN_POINT ( 'NONE',  ( -0.4644055339734912136, 0.5033858125323456001, -0.3999999999999995226 ) ) ;
#1524 = VERTEX_POINT ( 'NONE', #2094 ) ;
#1525 = CARTESIAN_POINT ( 'NONE',  ( -9.185169041973550316E-17, 0.7999999999999998224, -0.6777458503641841103 ) ) ;
#1526 = DIRECTION ( 'NONE',  ( -0.000000000000000000, -0.000000000000000000, -1.000000000000000000 ) ) ;
#1527 = CIRCLE ( 'NONE', #1456, 0.1982998271251394107 ) ;
#1528 = LINE ( 'NONE', #833, #1790 ) ;
#1529 = CARTESIAN_POINT ( 'NONE',  ( 0.2689969840115919442, 0.1000000000000003664, -0.6689969840115917998 ) ) ;
#1530 = ORIENTED_EDGE ( 'NONE', *, *, #1136, .F. ) ;
#1531 = ORIENTED_EDGE ( 'NONE', *, *, #1773, .F. ) ;
#1532 = ORIENTED_EDGE ( 'NONE', *, *, #378, .F. ) ;
#1533 = AXIS2_PLACEMENT_3D ( 'NONE', #1255, #1047, #573 ) ;
#1534 = DIRECTION ( 'NONE',  ( 1.355252715606881036E-16, 0.000000000000000000, 1.000000000000000000 ) ) ;
#1535 = LINE ( 'NONE', #843, #1826 ) ;
#1536 = ADVANCED_FACE ( 'NONE', ( #581 ), #1760, .T. ) ;
#1537 = CARTESIAN_POINT ( 'NONE',  ( -0.3003805301908251679, 0.5500000000000000444, 0.7999999999999994893 ) ) ;
#1538 = CARTESIAN_POINT ( 'NONE',  ( 0.3868767004711111679, 0.7000000000000000666, 0.1000000000000004774 ) ) ;
#1539 = DIRECTION ( 'NONE',  ( 0.08682659386424777803, -0.9924325091389669673, -0.08682659386424779191 ) ) ;
#1540 = LINE ( 'NONE', #677, #1423 ) ;
#1541 =( GEOMETRIC_REPRESENTATION_CONTEXT ( 3 ) GLOBAL_UNCERTAINTY_ASSIGNED_CONTEXT ( ( #949 ) ) GLOBAL_UNIT_ASSIGNED_CONTEXT ( ( #1776, #1440, #1852 ) ) REPRESENTATION_CONTEXT ( 'NONE', 'WORKASPACE' ) );
#1542 = EDGE_CURVE ( 'NONE', #1863, #1781, #1168, .T. ) ;
#1543 = CARTESIAN_POINT ( 'NONE',  ( -0.4750000000000001443, 0.1999999999999999833, -0.3999999999999995226 ) ) ;
#1544 = ADVANCED_FACE ( 'NONE', ( #411 ), #733, .T. ) ;
#1545 = EDGE_LOOP ( 'NONE', ( #382, #383, #303, #568 ) ) ;
#1546 = ORIENTED_EDGE ( 'NONE', *, *, #533, .F. ) ;
#1547 = CYLINDRICAL_SURFACE ( 'NONE', #689, 0.1982998271251394107 ) ;
#1548 = CARTESIAN_POINT ( 'NONE',  ( 0.3686164538207667429, 0.1912844257252345193, 0.6689969840115912447 ) ) ;
#1549 = DIRECTION ( 'NONE',  ( 1.000000000000000000, -0.000000000000000000, -0.000000000000000000 ) ) ;
#1550 = EDGE_LOOP ( 'NONE', ( #719, #495, #651, #757, #1712, #1142, #851, #644, #18, #1196, #663, #1978 ) ) ;
#1551 = EDGE_CURVE ( 'NONE', #1764, #395, #1038, .T. ) ;
#1552 = CARTESIAN_POINT ( 'NONE',  ( 0.4161351297980188102, 0.5499999999999999334, -0.1499999999999999944 ) ) ;
#1553 = DIRECTION ( 'NONE',  ( 0.000000000000000000, -0.000000000000000000, -1.000000000000000000 ) ) ;
#1554 = AXIS2_PLACEMENT_3D ( 'NONE', #1343, #2173, #343 ) ;
#1555 = SURFACE_STYLE_FILL_AREA ( #1884 ) ;
#1556 =( GEOMETRIC_REPRESENTATION_CONTEXT ( 3 ) GLOBAL_UNCERTAINTY_ASSIGNED_CONTEXT ( ( #1278 ) ) GLOBAL_UNIT_ASSIGNED_CONTEXT ( ( #71, #624, #1645 ) ) REPRESENTATION_CONTEXT ( 'NONE', 'WORKASPACE' ) );
#1557 = EDGE_CURVE ( 'NONE', #149, #1816, #1928, .T. ) ;
#1558 = DIRECTION ( 'NONE',  ( 9.485539906266019274E-17, -1.084202172485504040E-15, 1.000000000000000000 ) ) ;
#1559 = DIRECTION ( 'NONE',  ( -1.000000000000000000, -0.000000000000000000, -0.000000000000000000 ) ) ;
#1560 = ORIENTED_EDGE ( 'NONE', *, *, #375, .F. ) ;
#1561 = DIRECTION ( 'NONE',  ( -0.03489949670250198921, -0.9993908270190956511, 0.000000000000000000 ) ) ;
#1562 = ADVANCED_BREP_SHAPE_REPRESENTATION ( 'MMBT3904RFG', ( #442, #420, #1875, #476, #975 ), #798 ) ;
#1563 = CARTESIAN_POINT ( 'NONE',  ( -0.6143141580263556945, 0.5086207370377207049, -0.5999999999999996447 ) ) ;
#1564 = DIRECTION ( 'NONE',  ( 1.000000000000000000, 0.000000000000000000, 0.000000000000000000 ) ) ;
#1565 = AXIS2_PLACEMENT_3D ( 'NONE', #996, #2143, #1969 ) ;
#1566 = ORIENTED_EDGE ( 'NONE', *, *, #394, .F. ) ;
#1567 = ADVANCED_FACE ( 'NONE', ( #418 ), #920, .F. ) ;
#1568 = DIRECTION ( 'NONE',  ( -0.000000000000000000, -0.000000000000000000, -1.000000000000000000 ) ) ;
#1569 = CARTESIAN_POINT ( 'NONE',  ( -0.6698098026056367171, 0.1587383929890570089, -0.3999999999999995226 ) ) ;
#1570 = FACE_OUTER_BOUND ( 'NONE', #1931, .T. ) ;
#1571 = EDGE_CURVE ( 'NONE', #1701, #1367, #1769, .T. ) ;
#1572 = DIRECTION ( 'NONE',  ( 0.000000000000000000, 1.000000000000000000, -0.000000000000000000 ) ) ;
#1573 = ORIENTED_EDGE ( 'NONE', *, *, #215, .F. ) ;
#1574 = FACE_OUTER_BOUND ( 'NONE', #726, .T. ) ;
#1575 = CARTESIAN_POINT ( 'NONE',  ( 0.7895365289383824425, -1.527135300683080830E-17, 0.1499999999999999944 ) ) ;
#1576 = EDGE_CURVE ( 'NONE', #1592, #1804, #930, .T. ) ;
#1577 = CIRCLE ( 'NONE', #1220, 0.04829982712513945092 ) ;
#1578 = DIRECTION ( 'NONE',  ( 0.000000000000000000, 0.000000000000000000, 1.000000000000000000 ) ) ;
#1579 = EDGE_CURVE ( 'NONE', #951, #1968, #1784, .T. ) ;
#1580 = ORIENTED_EDGE ( 'NONE', *, *, #1766, .F. ) ;
#1581 = AXIS2_PLACEMENT_3D ( 'NONE', #2023, #1040, #357 ) ;
#1582 = DIRECTION ( 'NONE',  ( -0.08682659386424779191, -0.9924325091389669673, -0.08682659386424777803 ) ) ;
#1583 = ORIENTED_EDGE ( 'NONE', *, *, #884, .T. ) ;
#1584 = CARTESIAN_POINT ( 'NONE',  ( -0.3999999999999997446, 0.5500000000000002665, 0.7588276935625305475 ) ) ;
#1585 = PLANE ( 'NONE',  #912 ) ;
#1586 = APPLICATION_CONTEXT ( 'automotive_design' ) ;
#1587 = CARTESIAN_POINT ( 'NONE',  ( -0.2777458503641841991, 0.7999999999999998224, -0.6777458503641841103 ) ) ;
#1588 = AXIS2_PLACEMENT_3D ( 'NONE', #1949, #560, #246 ) ;
#1589 = DIRECTION ( 'NONE',  ( 1.000000000000000000, -0.000000000000000000, -0.000000000000000000 ) ) ;
#1590 = AXIS2_PLACEMENT_3D ( 'NONE', #1201, #8, #1689 ) ;
#1591 = PLANE ( 'NONE',  #1914 ) ;
#1592 = VERTEX_POINT ( 'NONE', #1288 ) ;
#1593 = DIRECTION ( 'NONE',  ( 2.032879073410321800E-16, -0.000000000000000000, 1.000000000000000000 ) ) ;
#1594 = VECTOR ( 'NONE', #728, 1000.000000000000000 ) ;
#1595 = CARTESIAN_POINT ( 'NONE',  ( -0.4161351297980188102, 0.5017001728748604616, -0.5999999999999996447 ) ) ;
#1596 = ORIENTED_EDGE ( 'NONE', *, *, #605, .T. ) ;
#1597 = AXIS2_PLACEMENT_3D ( 'NONE', #430, #1094, #268 ) ;
#1598 = ORIENTED_EDGE ( 'NONE', *, *, #1039, .F. ) ;
#1599 = CARTESIAN_POINT ( 'NONE',  ( -0.4161351297980188102, 0.5017001728748604616, -0.3999999999999995226 ) ) ;
#1600 = CARTESIAN_POINT ( 'NONE',  ( -0.6143141580263558055, 0.5086207370377207049, -0.3999999999999995226 ) ) ;
#1601 = DIRECTION ( 'NONE',  ( -0.9961946980917455452, 0.08715574274765829077, 0.000000000000000000 ) ) ;
#1602 = ADVANCED_FACE ( 'NONE', ( #1468 ), #1619, .F. ) ;
#1603 = EDGE_LOOP ( 'NONE', ( #1621, #369, #202, #1016 ) ) ;
#1604 = EDGE_CURVE ( 'NONE', #1647, #2052, #2140, .T. ) ;
#1605 = ORIENTED_EDGE ( 'NONE', *, *, #1961, .F. ) ;
#1606 = LINE ( 'NONE', #1108, #209 ) ;
#1607 = DIRECTION ( 'NONE',  ( 0.000000000000000000, -0.000000000000000000, -1.000000000000000000 ) ) ;
#1608 = AXIS2_PLACEMENT_3D ( 'NONE', #1065, #1568, #1054 ) ;
#1609 = EDGE_CURVE ( 'NONE', #504, #64, #678, .T. ) ;
#1610 = LINE ( 'NONE', #2122, #1918 ) ;
#1611 = EDGE_CURVE ( 'NONE', #2090, #654, #1502, .T. ) ;
#1612 = PRODUCT_DEFINITION_CONTEXT ( 'detailed design', #1166, 'design' ) ;
#1613 = ORIENTED_EDGE ( 'NONE', *, *, #315, .T. ) ;
#1614 = VECTOR ( 'NONE', #683, 1000.000000000000000 ) ;
#1615 = VERTEX_POINT ( 'NONE', #1477 ) ;
#1616 = VECTOR ( 'NONE', #512, 1000.000000000000000 ) ;
#1617 = DIRECTION ( 'NONE',  ( 1.000000000000000000, 0.000000000000000000, -0.000000000000000000 ) ) ;
#1618 = DIRECTION ( 'NONE',  ( -0.08682659386424776415, 0.9924325091389669673, 0.08682659386424781967 ) ) ;
#1619 = CYLINDRICAL_SURFACE ( 'NONE', #2158, 0.04829982712513945092 ) ;
#1620 = AXIS2_PLACEMENT_3D ( 'NONE', #384, #1051, #2061 ) ;
#1621 = ORIENTED_EDGE ( 'NONE', *, *, #406, .T. ) ;
#1622 = DIRECTION ( 'NONE',  ( -0.9993908270190957621, -0.03489949670250146879, 0.000000000000000000 ) ) ;
#1623 = CARTESIAN_POINT ( 'NONE',  ( -0.3686164538207661323, 0.1912844257252345193, 0.7606301014133336480 ) ) ;
#1624 = AXIS2_PLACEMENT_3D ( 'NONE', #73, #1411, #2114 ) ;
#1625 = DIRECTION ( 'NONE',  ( -1.000000000000000000, 0.000000000000000000, 1.355252715606881282E-16 ) ) ;
#1626 = DIRECTION ( 'NONE',  ( 0.000000000000000000, -0.000000000000000000, -1.000000000000000000 ) ) ;
#1627 = CARTESIAN_POINT ( 'NONE',  ( -0.6593463315440190042, 0.009103785450083281064, 0.6000000000000005329 ) ) ;
#1628 = ORIENTED_EDGE ( 'NONE', *, *, #785, .F. ) ;
#1629 = AXIS2_PLACEMENT_3D ( 'NONE', #393, #402, #583 ) ;
#1630 = DIRECTION ( 'NONE',  ( 5.421010862427519212E-16, 0.000000000000000000, 1.000000000000000000 ) ) ;
#1631 = ORIENTED_EDGE ( 'NONE', *, *, #1139, .T. ) ;
#1632 = CARTESIAN_POINT ( 'NONE',  ( 0.6698098026056367171, 0.1587383929890570089, 0.1499999999999999944 ) ) ;
#1633 = EDGE_CURVE ( 'NONE', #1425, #1810, #127, .T. ) ;
#1634 = PRESENTATION_LAYER_ASSIGNMENT (  '', '', ( #1364 ) ) ;
#1635 = DIRECTION ( 'NONE',  ( -0.000000000000000000, -0.000000000000000000, -1.000000000000000000 ) ) ;
#1636 = CARTESIAN_POINT ( 'NONE',  ( -0.4161351297980188102, 0.5500000000000000444, 0.6000000000000005329 ) ) ;
#1637 = VECTOR ( 'NONE', #934, 1000.000000000000227 ) ;
#1638 = CARTESIAN_POINT ( 'NONE',  ( -0.3773653201733587759, 0.8087155742747657028, -0.7693789677659264026 ) ) ;
#1639 = DIRECTION ( 'NONE',  ( -0.000000000000000000, -0.000000000000000000, -1.000000000000000000 ) ) ;
#1640 = ORIENTED_EDGE ( 'NONE', *, *, #942, .F. ) ;
#1641 = CARTESIAN_POINT ( 'NONE',  ( 0.4161351297980188102, 0.5017001728748604616, -0.1499999999999999944 ) ) ;
#1642 = EDGE_CURVE ( 'NONE', #2098, #1592, #267, .T. ) ;
#1643 = DIRECTION ( 'NONE',  ( 0.000000000000000000, 0.000000000000000000, 1.000000000000000000 ) ) ;
#1644 = AXIS2_PLACEMENT_3D ( 'NONE', #1438, #741, #935 ) ;
#1645 =( NAMED_UNIT ( * ) SI_UNIT ( $, .STERADIAN. ) SOLID_ANGLE_UNIT ( ) );
#1646 = COLOUR_RGB ( '',0.7921568627450980005, 0.8196078431372548767, 0.9333333333333333481 ) ;
#1647 = VERTEX_POINT ( 'NONE', #2174 ) ;
#1648 = EDGE_CURVE ( 'NONE', #1814, #1189, #1822, .T. ) ;
#1649 = ORIENTED_EDGE ( 'NONE', *, *, #226, .F. ) ;
#1650 = AXIS2_PLACEMENT_3D ( 'NONE', #1319, #808, #2164 ) ;
#1651 = CARTESIAN_POINT ( 'NONE',  ( -0.3003805301908254455, 0.5500000000000000444, -0.7999999999999998224 ) ) ;
#1652 = CARTESIAN_POINT ( 'NONE',  ( -0.6143141580263556945, 0.5086207370377207049, 0.6000000000000005329 ) ) ;
#1653 = VERTEX_POINT ( 'NONE', #465 ) ;
#1654 = LINE ( 'NONE', #151, #1060 ) ;
#1655 = CARTESIAN_POINT ( 'NONE',  ( -0.4161351297980188102, 0.5017001728748604616, 0.6000000000000005329 ) ) ;
#1656 = ORIENTED_EDGE ( 'NONE', *, *, #262, .F. ) ;
#1657 = DIRECTION ( 'NONE',  ( 1.000000000000000000, 0.000000000000000000, 0.000000000000000000 ) ) ;
#1658 = SPHERICAL_SURFACE ( 'NONE', #1872, 0.1000000000000000056 ) ;
#1659 = VERTEX_POINT ( 'NONE', #1809 ) ;
#1660 = CARTESIAN_POINT ( 'NONE',  ( 0.2689969840115922217, 0.2000000000000003719, 0.6689969840115911337 ) ) ;
#1661 = PRESENTATION_STYLE_ASSIGNMENT (( #660 ) ) ;
#1662 = EDGE_LOOP ( 'NONE', ( #1947, #2063, #346, #915 ) ) ;
#1663 = CARTESIAN_POINT ( 'NONE',  ( -0.6731790282283369731, 0.2069205641628604764, 0.6000000000000005329 ) ) ;
#1664 = LINE ( 'NONE', #163, #1733 ) ;
#1665 = SURFACE_STYLE_USAGE ( .BOTH. , #994 ) ;
#1666 = ORIENTED_EDGE ( 'NONE', *, *, #2002, .F. ) ;
#1667 = CARTESIAN_POINT ( 'NONE',  ( -0.8000000000000001554, 0.1496346075389737296, 0.6000000000000005329 ) ) ;
#1668 = ORIENTED_EDGE ( 'NONE', *, *, #1763, .T. ) ;
#1669 = EDGE_LOOP ( 'NONE', ( #867, #2134, #53, #1679 ) ) ;
#1670 = CARTESIAN_POINT ( 'NONE',  ( -0.4644055339734912136, 0.5033858125323456001, 0.6000000000000005329 ) ) ;
#1671 = VECTOR ( 'NONE', #199, 1000.000000000000000 ) ;
#1672 = LINE ( 'NONE', #171, #1755 ) ;
#1673 = EDGE_LOOP ( 'NONE', ( #957, #1828, #886, #631 ) ) ;
#1674 = CARTESIAN_POINT ( 'NONE',  ( 0.3868767004711111679, 0.7000000000000000666, 0.1000000000000004774 ) ) ;
#1675 = CARTESIAN_POINT ( 'NONE',  ( 0.6731790282283369731, 0.2069205641628604764, 0.1499999999999999944 ) ) ;
#1676 = DIRECTION ( 'NONE',  ( -1.000000000000000000, -0.000000000000000000, -0.000000000000000000 ) ) ;
#1677 = EDGE_CURVE ( 'NONE', #2073, #31, #1277, .T. ) ;
#1678 = ADVANCED_FACE ( 'NONE', ( #1986 ), #2131, .T. ) ;
#1679 = ORIENTED_EDGE ( 'NONE', *, *, #1813, .F. ) ;
#1680 = AXIS2_PLACEMENT_3D ( 'NONE', #1294, #953, #1465 ) ;
#1681 = CYLINDRICAL_SURFACE ( 'NONE', #2119, 0.1982998271251395772 ) ;
#1682 = ORIENTED_EDGE ( 'NONE', *, *, #298, .T. ) ;
#1683 = ORIENTED_EDGE ( 'NONE', *, *, #612, .T. ) ;
#1684 = LINE ( 'NONE', #2009, #417 ) ;
#1685 = DIRECTION ( 'NONE',  ( -0.000000000000000000, -0.000000000000000000, -1.000000000000000000 ) ) ;
#1686 = FILL_AREA_STYLE_COLOUR ( '', #1151 ) ;
#1687 = CIRCLE ( 'NONE', #1761, 0.04829982712513945092 ) ;
#1688 = ORIENTED_EDGE ( 'NONE', *, *, #1844, .F. ) ;
#1689 = DIRECTION ( 'NONE',  ( 0.000000000000000000, 0.000000000000000000, -1.000000000000000000 ) ) ;
#1690 = DIRECTION ( 'NONE',  ( 1.000000000000000000, -6.719513174406642122E-15, 0.000000000000000000 ) ) ;
#1691 = CARTESIAN_POINT ( 'NONE',  ( 0.4007510169773609854, 0.5585841633314967414, -0.7011315471681862643 ) ) ;
#1692 = ORIENTED_EDGE ( 'NONE', *, *, #1485, .F. ) ;
#1693 = FACE_OUTER_BOUND ( 'NONE', #197, .T. ) ;
#1694 = ADVANCED_FACE ( 'NONE', ( #302 ), #789, .T. ) ;
#1695 = EDGE_LOOP ( 'NONE', ( #1682, #1858, #1159 ) ) ;
#1696 = ORIENTED_EDGE ( 'NONE', *, *, #55, .T. ) ;
#1697 = ORIENTED_EDGE ( 'NONE', *, *, #1387, .F. ) ;
#1698 = VECTOR ( 'NONE', #645, 1000.000000000000114 ) ;
#1699 = PLANE ( 'NONE',  #37 ) ;
#1700 = CARTESIAN_POINT ( 'NONE',  ( -0.2689969840115915556, 0.2000000000000003719, 0.6689969840115913557 ) ) ;
#1701 = VERTEX_POINT ( 'NONE', #1491 ) ;
#1702 = DIRECTION ( 'NONE',  ( 0.000000000000000000, -0.000000000000000000, -1.000000000000000000 ) ) ;
#1703 = ADVANCED_FACE ( 'NONE', ( #652 ), #475, .T. ) ;
#1704 = CARTESIAN_POINT ( 'NONE',  ( -0.2777458503641841991, 0.7999999999999998224, -0.6777458503641841103 ) ) ;
#1705 = AXIS2_PLACEMENT_3D ( 'NONE', #1380, #1708, #2029 ) ;
#1706 = DIRECTION ( 'NONE',  ( 0.08682659386424776415, 0.9924325091389669673, -0.08682659386424780579 ) ) ;
#1707 = EDGE_CURVE ( 'NONE', #802, #1026, #311, .T. ) ;
#1708 = DIRECTION ( 'NONE',  ( -0.000000000000000000, -0.000000000000000000, -1.000000000000000000 ) ) ;
#1709 = CARTESIAN_POINT ( 'NONE',  ( -0.4644055339734912136, 0.5033858125323456001, -0.5999999999999996447 ) ) ;
#1710 = EDGE_CURVE ( 'NONE', #840, #1786, #1654, .T. ) ;
#1711 = ORIENTED_EDGE ( 'NONE', *, *, #394, .T. ) ;
#1712 = ORIENTED_EDGE ( 'NONE', *, *, #721, .T. ) ;
#1713 = EDGE_LOOP ( 'NONE', ( #1012, #1190, #445 ) ) ;
#1714 = LINE ( 'NONE', #203, #1287 ) ;
#1715 =( NAMED_UNIT ( * ) PLANE_ANGLE_UNIT ( ) SI_UNIT ( $, .RADIAN. ) );
#1716 = EDGE_LOOP ( 'NONE', ( #2005, #1728, #706, #1235 ) ) ;
#1717 = FACE_OUTER_BOUND ( 'NONE', #494, .T. ) ;
#1718 = CARTESIAN_POINT ( 'NONE',  ( -0.3999999999999997446, 0.5500000000000000444, -0.3999999999999995226 ) ) ;
#1719 = LINE ( 'NONE', #888, #704 ) ;
#1720 = DIRECTION ( 'NONE',  ( 0.06975647374411809987, -0.9975640502598247528, 0.000000000000000000 ) ) ;
#1721 = FACE_OUTER_BOUND ( 'NONE', #966, .T. ) ;
#1722 = EDGE_CURVE ( 'NONE', #1804, #388, #567, .T. ) ;
#1723 = ORIENTED_EDGE ( 'NONE', *, *, #667, .T. ) ;
#1724 = EDGE_CURVE ( 'NONE', #1876, #802, #1664, .T. ) ;
#1725 = ORIENTED_EDGE ( 'NONE', *, *, #667, .F. ) ;
#1726 = CARTESIAN_POINT ( 'NONE',  ( -0.3999999999999997446, 0.5500000000000000444, 0.6000000000000005329 ) ) ;
#1727 = CARTESIAN_POINT ( 'NONE',  ( 0.000000000000000000, 0.000000000000000000, 0.000000000000000000 ) ) ;
#1728 = ORIENTED_EDGE ( 'NONE', *, *, #972, .F. ) ;
#1729 = PLANE ( 'NONE',  #1997 ) ;
#1730 = AXIS2_PLACEMENT_3D ( 'NONE', #1794, #290, #1488 ) ;
#1731 = CARTESIAN_POINT ( 'NONE',  ( -0.6698098026056367171, 0.1587383929890570089, -0.3999999999999995226 ) ) ;
#1732 = PRESENTATION_LAYER_ASSIGNMENT (  '', '', ( #490 ) ) ;
#1733 = VECTOR ( 'NONE', #1391, 1000.000000000000227 ) ;
#1734 = DIRECTION ( 'NONE',  ( 0.000000000000000000, -0.000000000000000000, -1.000000000000000000 ) ) ;
#1735 = LINE ( 'NONE', #229, #1817 ) ;
#1736 = CARTESIAN_POINT ( 'NONE',  ( 0.4161351297980188102, 0.5499999999999999334, 0.1499999999999999944 ) ) ;
#1737 = EDGE_CURVE ( 'NONE', #395, #1352, #700, .T. ) ;
#1738 = DIRECTION ( 'NONE',  ( 0.000000000000000000, 0.000000000000000000, 1.000000000000000000 ) ) ;
#1739 = CIRCLE ( 'NONE', #607, 0.1982998271251394107 ) ;
#1740 = ORIENTED_EDGE ( 'NONE', *, *, #1609, .T. ) ;
#1741 = CARTESIAN_POINT ( 'NONE',  ( 0.3686164538207664654, 0.1912844257252345193, -0.7606301014133340921 ) ) ;
#1742 = CYLINDRICAL_SURFACE ( 'NONE', #1588, 0.1000000000000000472 ) ;
#1743 = AXIS2_PLACEMENT_3D ( 'NONE', #201, #1518, #716 ) ;
#1744 = DIRECTION ( 'NONE',  ( 0.000000000000000000, -1.000000000000000000, -0.000000000000000000 ) ) ;
#1745 = CARTESIAN_POINT ( 'NONE',  ( 0.3773653201733591644, 0.8087155742747657028, 0.6777458503641833332 ) ) ;
#1746 = ORIENTED_EDGE ( 'NONE', *, *, #1066, .F. ) ;
#1747 = DIRECTION ( 'NONE',  ( 0.000000000000000000, 0.000000000000000000, 1.000000000000000000 ) ) ;
#1748 = ORIENTED_EDGE ( 'NONE', *, *, #212, .F. ) ;
#1749 = VECTOR ( 'NONE', #365, 1000.000000000000227 ) ;
#1750 = CARTESIAN_POINT ( 'NONE',  ( -0.6143141580263556945, 0.5086207370377207049, 0.6000000000000005329 ) ) ;
#1751 = DIRECTION ( 'NONE',  ( -0.000000000000000000, -0.000000000000000000, -1.000000000000000000 ) ) ;
#1752 = CARTESIAN_POINT ( 'NONE',  ( 0.6698098026056367171, 0.1587383929890570089, -0.1499999999999999944 ) ) ;
#1753 = EDGE_CURVE ( 'NONE', #1445, #1503, #110, .T. ) ;
#1754 = CYLINDRICAL_SURFACE ( 'NONE', #1992, 0.09999999999999997780 ) ;
#1755 = VECTOR ( 'NONE', #182, 1000.000000000000000 ) ;
#1756 = DIRECTION ( 'NONE',  ( 0.08682659386424777803, -0.9924325091389670783, -0.08682659386424780579 ) ) ;
#1757 = ORIENTED_EDGE ( 'NONE', *, *, #1282, .F. ) ;
#1758 = CARTESIAN_POINT ( 'NONE',  ( -0.6249086240528645142, 0.2052349245053751714, 0.6000000000000005329 ) ) ;
#1759 = LINE ( 'NONE', #1422, #565 ) ;
#1760 = SPHERICAL_SURFACE ( 'NONE', #1883, 0.1000000000000000056 ) ;
#1761 = AXIS2_PLACEMENT_3D ( 'NONE', #929, #99, #769 ) ;
#1762 = ORIENTED_EDGE ( 'NONE', *, *, #1486, .F. ) ;
#1763 = EDGE_CURVE ( 'NONE', #654, #2133, #50, .T. ) ;
#1764 = VERTEX_POINT ( 'NONE', #2038 ) ;
#1765 = DIRECTION ( 'NONE',  ( 0.08682659386424777803, 0.9924325091389670783, -0.08682659386424780579 ) ) ;
#1766 = EDGE_CURVE ( 'NONE', #1280, #30, #675, .T. ) ;
#1767 = CARTESIAN_POINT ( 'NONE',  ( 0.4161351297980188102, 0.5017001728748604616, 0.1499999999999999944 ) ) ;
#1768 = EDGE_CURVE ( 'NONE', #1158, #149, #523, .T. ) ;
#1769 = CIRCLE ( 'NONE', #1597, 0.1000000000000000472 ) ;
#1770 = ORIENTED_EDGE ( 'NONE', *, *, #1136, .T. ) ;
#1771 = EDGE_CURVE ( 'NONE', #691, #1445, #1898, .T. ) ;
#1772 = ORIENTED_EDGE ( 'NONE', *, *, #1500, .F. ) ;
#1773 = EDGE_CURVE ( 'NONE', #841, #167, #3, .T. ) ;
#1774 = CARTESIAN_POINT ( 'NONE',  ( -0.4161351297980188657, 0.7000000000000000666, -0.3999999999999995226 ) ) ;
#1775 = SURFACE_STYLE_USAGE ( .BOTH. , #1076 ) ;
#1776 =( LENGTH_UNIT ( ) NAMED_UNIT ( * ) SI_UNIT ( .MILLI., .METRE. ) );
#1777 = DIRECTION ( 'NONE',  ( 0.000000000000000000, 0.000000000000000000, 1.000000000000000000 ) ) ;
#1778 = CARTESIAN_POINT ( 'NONE',  ( 0.3003805301908257785, 0.5500000000000000444, 0.7999999999999992673 ) ) ;
#1779 = EDGE_LOOP ( 'NONE', ( #1631, #339, #822, #421 ) ) ;
#1780 = EDGE_CURVE ( 'NONE', #791, #840, #848, .T. ) ;
#1781 = VERTEX_POINT ( 'NONE', #1192 ) ;
#1782 = DIRECTION ( 'NONE',  ( 1.000000000000000000, 0.000000000000000000, 0.000000000000000000 ) ) ;
#1783 = LINE ( 'NONE', #1985, #596 ) ;
#1784 = LINE ( 'NONE', #137, #1489 ) ;
#1785 = UNCERTAINTY_MEASURE_WITH_UNIT (LENGTH_MEASURE( 1.000000000000000082E-05 ), #600, 'distance_accuracy_value', 'NONE');
#1786 = VERTEX_POINT ( 'NONE', #714 ) ;
#1787 = LINE ( 'NONE', #219, #463 ) ;
#1788 = VECTOR ( 'NONE', #2128, 1000.000000000000000 ) ;
#1789 = CARTESIAN_POINT ( 'NONE',  ( -0.3868767004711111679, 0.7000000000000000666, 0.4000000000000004663 ) ) ;
#1790 = VECTOR ( 'NONE', #549, 1000.000000000000000 ) ;
#1791 = EDGE_CURVE ( 'NONE', #647, #167, #1528, .T. ) ;
#1792 = AXIS2_PLACEMENT_3D ( 'NONE', #1990, #1643, #143 ) ;
#1793 = DIRECTION ( 'NONE',  ( 0.08715574274765808260, -0.9961946980917455452, 0.000000000000000000 ) ) ;
#1794 = CARTESIAN_POINT ( 'NONE',  ( 0.4000000000000004108, 0.5500000000000000444, 0.7999999999999992673 ) ) ;
#1795 = CARTESIAN_POINT ( 'NONE',  ( -0.3588276935625311359, 0.5500000000000000444, -0.7999999999999999334 ) ) ;
#1796 = EDGE_CURVE ( 'NONE', #1494, #2166, #1018, .T. ) ;
#1797 = DIRECTION ( 'NONE',  ( -1.355252715606881036E-16, -6.136739816269757546E-34, -1.000000000000000000 ) ) ;
#1798 = CARTESIAN_POINT ( 'NONE',  ( 0.2951004612465329968, 0.4896485358045482572, -0.7947199310557071517 ) ) ;
#1799 = VECTOR ( 'NONE', #545, 1000.000000000000227 ) ;
#1800 = ORIENTED_EDGE ( 'NONE', *, *, #709, .F. ) ;
#1801 = ORIENTED_EDGE ( 'NONE', *, *, #1901, .T. ) ;
#1802 = EDGE_CURVE ( 'NONE', #260, #791, #1375, .T. ) ;
#1803 = PLANE ( 'NONE',  #1565 ) ;
#1804 = VERTEX_POINT ( 'NONE', #1857 ) ;
#1805 = DIRECTION ( 'NONE',  ( 1.355252715606881036E-16, -6.136739816269757546E-34, 1.000000000000000000 ) ) ;
#1806 = AXIS2_PLACEMENT_3D ( 'NONE', #1595, #1263, #1940 ) ;
#1807 = DIRECTION ( 'NONE',  ( -0.000000000000000000, -0.000000000000000000, -1.000000000000000000 ) ) ;
#1808 = DIRECTION ( 'NONE',  ( 0.08682659386424780579, -0.9924325091389670783, 0.08682659386424776415 ) ) ;
#1809 = CARTESIAN_POINT ( 'NONE',  ( -0.6143141580263558055, 0.5086207370377207049, 0.6000000000000005329 ) ) ;
#1810 = VERTEX_POINT ( 'NONE', #1217 ) ;
#1811 = VECTOR ( 'NONE', #2067, 1000.000000000000000 ) ;
#1812 = LINE ( 'NONE', #655, #1202 ) ;
#1813 = EDGE_CURVE ( 'NONE', #2098, #1, #1719, .T. ) ;
#1814 = VERTEX_POINT ( 'NONE', #876 ) ;
#1815 = LINE ( 'NONE', #305, #1236 ) ;
#1816 = VERTEX_POINT ( 'NONE', #688 ) ;
#1817 = VECTOR ( 'NONE', #891, 1000.000000000000000 ) ;
#1818 = FACE_OUTER_BOUND ( 'NONE', #1716, .T. ) ;
#1819 = PLANE ( 'NONE',  #1057 ) ;
#1820 = ORIENTED_EDGE ( 'NONE', *, *, #296, .F. ) ;
#1821 = AXIS2_PLACEMENT_3D ( 'NONE', #625, #309, #289 ) ;
#1822 = LINE ( 'NONE', #486, #1395 ) ;
#1823 = EDGE_LOOP ( 'NONE', ( #1313, #853, #340, #1430 ) ) ;
#1824 = DIRECTION ( 'NONE',  ( 0.03489949670250198921, 0.9993908270190956511, -0.000000000000000000 ) ) ;
#1825 = FACE_OUTER_BOUND ( 'NONE', #123, .T. ) ;
#1826 = VECTOR ( 'NONE', #1549, 1000.000000000000000 ) ;
#1827 = AXIS2_PLACEMENT_3D ( 'NONE', #1191, #162, #713 ) ;
#1828 = ORIENTED_EDGE ( 'NONE', *, *, #762, .F. ) ;
#1829 =( GEOMETRIC_REPRESENTATION_CONTEXT ( 3 ) GLOBAL_UNCERTAINTY_ASSIGNED_CONTEXT ( ( #1785 ) ) GLOBAL_UNIT_ASSIGNED_CONTEXT ( ( #600, #1230, #1908 ) ) REPRESENTATION_CONTEXT ( 'NONE', 'WORKASPACE' ) );
#1830 = DIRECTION ( 'NONE',  ( -0.000000000000000000, -0.000000000000000000, -1.000000000000000000 ) ) ;
#1831 = CARTESIAN_POINT ( 'NONE',  ( -0.6593463315440190042, 0.009103785450083281064, 0.6000000000000005329 ) ) ;
#1832 = ORIENTED_EDGE ( 'NONE', *, *, #191, .T. ) ;
#1833 = DIRECTION ( 'NONE',  ( -1.000000000000000000, 0.000000000000000000, 2.032879073410322293E-16 ) ) ;
#1834 = DIRECTION ( 'NONE',  ( 0.08682659386424780579, 0.9924325091389669673, 0.08682659386424776415 ) ) ;
#1835 = FILL_AREA_STYLE_COLOUR ( '', #1646 ) ;
#1836 = ORIENTED_EDGE ( 'NONE', *, *, #1378, .F. ) ;
#1837 = CARTESIAN_POINT ( 'NONE',  ( 0.2951004612465331078, 0.6103514641954518316, 0.7947199310557064855 ) ) ;
#1838 = AXIS2_PLACEMENT_3D ( 'NONE', #458, #2077, #849 ) ;
#1839 = ORIENTED_EDGE ( 'NONE', *, *, #509, .F. ) ;
#1840 = EDGE_LOOP ( 'NONE', ( #11, #1304, #1613, #873 ) ) ;
#1841 = EDGE_CURVE ( 'NONE', #2166, #485, #662, .T. ) ;
#1842 = DIRECTION ( 'NONE',  ( 1.897107981253205580E-16, -2.168404344971008868E-15, -1.000000000000000000 ) ) ;
#1843 = ADVANCED_FACE ( 'NONE', ( #2027 ), #1179, .T. ) ;
#1844 = EDGE_CURVE ( 'NONE', #1299, #1445, #860, .T. ) ;
#1845 = CARTESIAN_POINT ( 'NONE',  ( 0.8000000000000001554, 0.1496346075389737296, -0.1499999999999999944 ) ) ;
#1846 = CARTESIAN_POINT ( 'NONE',  ( -0.3606301014133339033, 0.1000000000000003664, 0.6689969840115914668 ) ) ;
#1847 = EDGE_LOOP ( 'NONE', ( #1958, #729, #1996 ) ) ;
#1848 = PLANE ( 'NONE',  #1271 ) ;
#1849 = ORIENTED_EDGE ( 'NONE', *, *, #1780, .T. ) ;
#1850 = ORIENTED_EDGE ( 'NONE', *, *, #1753, .F. ) ;
#1851 = DIRECTION ( 'NONE',  ( -0.9961946980917455452, 0.08715574274765836016, 1.350095569862015356E-16 ) ) ;
#1852 =( NAMED_UNIT ( * ) SI_UNIT ( $, .STERADIAN. ) SOLID_ANGLE_UNIT ( ) );
#1853 = CIRCLE ( 'NONE', #449, 0.04829982712513945092 ) ;
#1854 = SPHERICAL_SURFACE ( 'NONE', #1581, 0.1000000000000000056 ) ;
#1855 = ORIENTED_EDGE ( 'NONE', *, *, #1724, .F. ) ;
#1856 = DIRECTION ( 'NONE',  ( 1.000000000000000000, -6.136739816269757546E-34, -1.355252715606880543E-16 ) ) ;
#1857 = CARTESIAN_POINT ( 'NONE',  ( -0.3773653201733587759, 0.8087155742747657028, -0.6777458503641841103 ) ) ;
#1858 = ORIENTED_EDGE ( 'NONE', *, *, #212, .T. ) ;
#1859 = VECTOR ( 'NONE', #2148, 1000.000000000000000 ) ;
#1860 = EDGE_CURVE ( 'NONE', #395, #188, #1055, .T. ) ;
#1861 = LINE ( 'NONE', #1888, #2017 ) ;
#1862 = VERTEX_POINT ( 'NONE', #537 ) ;
#1863 = VERTEX_POINT ( 'NONE', #1204 ) ;
#1864 = ORIENTED_EDGE ( 'NONE', *, *, #1611, .F. ) ;
#1865 = LINE ( 'NONE', #1198, #74 ) ;
#1866 = DIRECTION ( 'NONE',  ( 0.000000000000000000, -1.084202172485504040E-15, -1.000000000000000000 ) ) ;
#1867 = VECTOR ( 'NONE', #777, 1000.000000000000114 ) ;
#1868 = ORIENTED_EDGE ( 'NONE', *, *, #1768, .T. ) ;
#1869 = ORIENTED_EDGE ( 'NONE', *, *, #1396, .T. ) ;
#1870 = PLANE ( 'NONE',  #1331 ) ;
#1871 = DIRECTION ( 'NONE',  ( -0.08682659386424776415, 0.9924325091389669673, 0.08682659386424780579 ) ) ;
#1872 = AXIS2_PLACEMENT_3D ( 'NONE', #155, #556, #2034 ) ;
#1873 = DIRECTION ( 'NONE',  ( 0.000000000000000000, -0.08715574274765831853, 0.9961946980917455452 ) ) ;
#1874 = LINE ( 'NONE', #228, #1071 ) ;
#1875 = MANIFOLD_SOLID_BREP ( 'LPattern1[2]', #439 ) ;
#1876 = VERTEX_POINT ( 'NONE', #896 ) ;
#1877 = AXIS2_PLACEMENT_3D ( 'NONE', #1084, #1756, #253 ) ;
#1878 = LINE ( 'NONE', #1508, #1964 ) ;
#1879 = PLANE ( 'NONE',  #527 ) ;
#1880 = EDGE_LOOP ( 'NONE', ( #2, #921, #1945, #844 ) ) ;
#1881 = DIRECTION ( 'NONE',  ( 0.000000000000000000, -1.000000000000000000, 0.000000000000000000 ) ) ;
#1882 = CARTESIAN_POINT ( 'NONE',  ( 0.3999999999999997446, 0.5500000000000000444, -0.1499999999999999944 ) ) ;
#1883 = AXIS2_PLACEMENT_3D ( 'NONE', #1587, #1078, #1777 ) ;
#1884 = FILL_AREA_STYLE ('',( #499 ) ) ;
#1885 = EDGE_CURVE ( 'NONE', #546, #1004, #881, .T. ) ;
#1886 = DIRECTION ( 'NONE',  ( 0.08715574274765808260, 0.9961946980917455452, -0.000000000000000000 ) ) ;
#1887 = EDGE_CURVE ( 'NONE', #578, #56, #917, .T. ) ;
#1888 = CARTESIAN_POINT ( 'NONE',  ( -0.4161351297980188657, 0.7000000000000000666, -0.3999999999999995226 ) ) ;
#1889 = DIRECTION ( 'NONE',  ( -0.9975640502598246417, 0.06975647374411866886, 0.000000000000000000 ) ) ;
#1890 = EDGE_CURVE ( 'NONE', #2090, #1653, #750, .T. ) ;
#1891 = EDGE_LOOP ( 'NONE', ( #754, #1338, #1254, #1972 ) ) ;
#1892 = EDGE_LOOP ( 'NONE', ( #1290, #1962, #1531 ) ) ;
#1893 = CARTESIAN_POINT ( 'NONE',  ( -0.2777458503641839771, 0.7999999999999998224, 0.6777458503641836662 ) ) ;
#1894 = DIRECTION ( 'NONE',  ( 0.08715574274765836016, -0.9961946980917455452, 0.000000000000000000 ) ) ;
#1895 = ORIENTED_EDGE ( 'NONE', *, *, #1707, .T. ) ;
#1896 = CARTESIAN_POINT ( 'NONE',  ( 0.2689969840115919442, 0.2000000000000003719, -0.6689969840115917998 ) ) ;
#1897 = DIRECTION ( 'NONE',  ( -0.06975647374411809987, 0.9975640502598247528, 0.000000000000000000 ) ) ;
#1898 = LINE ( 'NONE', #200, #1616 ) ;
#1899 = DIRECTION ( 'NONE',  ( -0.000000000000000000, -0.000000000000000000, -1.000000000000000000 ) ) ;
#1900 = CARTESIAN_POINT ( 'NONE',  ( 0.3999999999999997446, 0.5500000000000000444, 0.1000000000000004774 ) ) ;
#1901 = EDGE_CURVE ( 'NONE', #1428, #1653, #429, .T. ) ;
#1902 = ORIENTED_EDGE ( 'NONE', *, *, #2167, .F. ) ;
#1903 = DIRECTION ( 'NONE',  ( -1.000000000000000000, -0.000000000000000000, 0.000000000000000000 ) ) ;
#1904 = PLANE ( 'NONE',  #497 ) ;
#1905 = ORIENTED_EDGE ( 'NONE', *, *, #1551, .F. ) ;
#1906 = DIRECTION ( 'NONE',  ( 1.000000000000000000, 0.000000000000000000, 0.000000000000000000 ) ) ;
#1907 = MECHANICAL_DESIGN_GEOMETRIC_PRESENTATION_REPRESENTATION (  '', ( #1412 ), #835 ) ;
#1908 =( NAMED_UNIT ( * ) SI_UNIT ( $, .STERADIAN. ) SOLID_ANGLE_UNIT ( ) );
#1909 = VECTOR ( 'NONE', #335, 1000.000000000000000 ) ;
#1910 = CARTESIAN_POINT ( 'NONE',  ( 0.6249086240528645142, 0.2052349245053751714, 0.1000000000000004774 ) ) ;
#1911 = VECTOR ( 'NONE', #1963, 1000.000000000000000 ) ;
#1912 = VERTEX_POINT ( 'NONE', #1600 ) ;
#1913 = LINE ( 'NONE', #242, #1483 ) ;
#1914 = AXIS2_PLACEMENT_3D ( 'NONE', #707, #1385, #1398 ) ;
#1915 = VERTEX_POINT ( 'NONE', #2076 ) ;
#1916 = DIRECTION ( 'NONE',  ( -0.08682659386424773640, -0.9924325091389670783, -0.08682659386424781967 ) ) ;
#1917 = EDGE_CURVE ( 'NONE', #216, #93, #1510, .T. ) ;
#1918 = VECTOR ( 'NONE', #1102, 1000.000000000000227 ) ;
#1919 = DIRECTION ( 'NONE',  ( -1.000000000000000000, 0.000000000000000000, 0.000000000000000000 ) ) ;
#1920 =( BOUNDED_CURVE ( )  B_SPLINE_CURVE ( 3, ( #244, #905, #1584, #740 ),
 .UNSPECIFIED., .F., .T. ) 
 B_SPLINE_CURVE_WITH_KNOTS ( ( 4, 4 ),
 ( 5.501585242055418767, 7.064785372303753697 ),
 .UNSPECIFIED. ) 
 CURVE ( )  GEOMETRIC_REPRESENTATION_ITEM ( )  RATIONAL_B_SPLINE_CURVE ( ( 1.000000000000000000, 0.8065248903853478035, 0.8065248903853478035, 1.000000000000000000 ) ) 
 REPRESENTATION_ITEM ( '' )  );
#1921 = PLANE ( 'NONE',  #1932 ) ;
#1922 = ORIENTED_EDGE ( 'NONE', *, *, #2150, .F. ) ;
#1923 = CARTESIAN_POINT ( 'NONE',  ( -0.6731790282283369731, 0.2069205641628604764, 0.4000000000000004663 ) ) ;
#1924 = ORIENTED_EDGE ( 'NONE', *, *, #2035, .F. ) ;
#1925 = CIRCLE ( 'NONE', #1629, 0.09999999999999997780 ) ;
#1926 = FACE_OUTER_BOUND ( 'NONE', #705, .T. ) ;
#1927 = CARTESIAN_POINT ( 'NONE',  ( -0.8000000000000001554, 0.1496346075389737296, -0.5999999999999996447 ) ) ;
#1928 = LINE ( 'NONE', #258, #90 ) ;
#1929 = ADVANCED_FACE ( 'NONE', ( #273 ), #1742, .T. ) ;
#1930 = ORIENTED_EDGE ( 'NONE', *, *, #551, .F. ) ;
#1931 = EDGE_LOOP ( 'NONE', ( #1024, #79, #493, #1184 ) ) ;
#1932 = AXIS2_PLACEMENT_3D ( 'NONE', #563, #2069, #1889 ) ;
#1933 = FACE_OUTER_BOUND ( 'NONE', #1669, .T. ) ;
#1934 = AXIS2_PLACEMENT_3D ( 'NONE', #124, #805, #1137 ) ;
#1935 = ADVANCED_FACE ( 'NONE', ( #237 ), #1433, .F. ) ;
#1936 = VERTEX_POINT ( 'NONE', #1241 ) ;
#1937 = LINE ( 'NONE', #1741, #901 ) ;
#1938 = CYLINDRICAL_SURFACE ( 'NONE', #353, 0.09999999999999997780 ) ;
#1939 = EDGE_CURVE ( 'NONE', #802, #982, #2085, .T. ) ;
#1940 = DIRECTION ( 'NONE',  ( 1.000000000000000000, 0.000000000000000000, -0.000000000000000000 ) ) ;
#1941 = AXIS2_PLACEMENT_3D ( 'NONE', #548, #2026, #207 ) ;
#1942 = PRESENTATION_LAYER_ASSIGNMENT (  '', '', ( #1513 ) ) ;
#1943 = ORIENTED_EDGE ( 'NONE', *, *, #1393, .T. ) ;
#1944 = ADVANCED_FACE ( 'NONE', ( #434 ), #1585, .F. ) ;
#1945 = ORIENTED_EDGE ( 'NONE', *, *, #446, .F. ) ;
#1946 = EDGE_CURVE ( 'NONE', #868, #31, #1759, .T. ) ;
#1947 = ORIENTED_EDGE ( 'NONE', *, *, #1215, .T. ) ;
#1948 = LINE ( 'NONE', #135, #1859 ) ;
#1949 = CARTESIAN_POINT ( 'NONE',  ( 1.813319958629043668E-16, 0.2000000000000003719, 0.6689969840115913557 ) ) ;
#1950 = SURFACE_STYLE_USAGE ( .BOTH. , #1341 ) ;
#1951 = PLANE ( 'NONE',  #577 ) ;
#1952 = EDGE_CURVE ( 'NONE', #927, #2142, #58, .T. ) ;
#1953 = ADVANCED_FACE ( 'NONE', ( #1260 ), #1938, .T. ) ;
#1954 = EDGE_LOOP ( 'NONE', ( #145, #1266, #1148, #1063 ) ) ;
#1955 = CARTESIAN_POINT ( 'NONE',  ( 0.2777458503641845877, 0.8087155742747657028, 0.7773653201733581319 ) ) ;
#1956 = FACE_OUTER_BOUND ( 'NONE', #622, .T. ) ;
#1957 = DIRECTION ( 'NONE',  ( -0.000000000000000000, -0.000000000000000000, -1.000000000000000000 ) ) ;
#1958 = ORIENTED_EDGE ( 'NONE', *, *, #812, .T. ) ;
#1959 = VECTOR ( 'NONE', #1593, 1000.000000000000000 ) ;
#1960 = LINE ( 'NONE', #718, #230 ) ;
#1961 = EDGE_CURVE ( 'NONE', #307, #2062, #1687, .T. ) ;
#1962 = ORIENTED_EDGE ( 'NONE', *, *, #281, .T. ) ;
#1963 = DIRECTION ( 'NONE',  ( 1.355252715606881036E-16, -0.000000000000000000, 1.000000000000000000 ) ) ;
#1964 = VECTOR ( 'NONE', #1534, 1000.000000000000000 ) ;
#1965 = DIRECTION ( 'NONE',  ( 1.000000000000000000, -0.000000000000000000, -0.000000000000000000 ) ) ;
#1966 = LINE ( 'NONE', #1974, #1788 ) ;
#1967 = CARTESIAN_POINT ( 'NONE',  ( 0.3606301014133345140, 0.1912844257252345193, 0.7686164538207655994 ) ) ;
#1968 = VERTEX_POINT ( 'NONE', #280 ) ;
#1969 = DIRECTION ( 'NONE',  ( 0.08715574274765836016, 0.9961946980917455452, 0.000000000000000000 ) ) ;
#1970 = AXIS2_PLACEMENT_3D ( 'NONE', #318, #974, #136 ) ;
#1971 = DIRECTION ( 'NONE',  ( 0.08682659386424777803, -0.9924325091389669673, -0.08682659386424780579 ) ) ;
#1972 = ORIENTED_EDGE ( 'NONE', *, *, #991, .T. ) ;
#1973 = CARTESIAN_POINT ( 'NONE',  ( 0.3003805301908255565, 0.5500000000000000444, -0.7999999999999999334 ) ) ;
#1974 = CARTESIAN_POINT ( 'NONE',  ( 0.4161351297980188657, 0.7000000000000000666, 0.1499999999999999944 ) ) ;
#1975 = EDGE_CURVE ( 'NONE', #1781, #685, #1966, .T. ) ;
#1976 = CARTESIAN_POINT ( 'NONE',  ( -0.6593463315440190042, 0.009103785450083281064, -0.3999999999999995226 ) ) ;
#1977 = VECTOR ( 'NONE', #1111, 1000.000000000000000 ) ;
#1978 = ORIENTED_EDGE ( 'NONE', *, *, #262, .T. ) ;
#1979 = VERTEX_POINT ( 'NONE', #1636 ) ;
#1980 = PLANE ( 'NONE',  #1242 ) ;
#1981 = CARTESIAN_POINT ( 'NONE',  ( -0.6731790282283369731, 0.2069205641628604764, -0.3999999999999995226 ) ) ;
#1982 = AXIS2_PLACEMENT_3D ( 'NONE', #1767, #1578, #771 ) ;
#1983 = ORIENTED_EDGE ( 'NONE', *, *, #1890, .T. ) ;
#1984 = CARTESIAN_POINT ( 'NONE',  ( 0.4644055339734912136, 0.5033858125323456001, 0.1000000000000004774 ) ) ;
#1985 = CARTESIAN_POINT ( 'NONE',  ( 0.4161351297980188102, 0.5500000000000000444, 0.1000000000000004774 ) ) ;
#1986 = FACE_OUTER_BOUND ( 'NONE', #902, .T. ) ;
#1987 = DIRECTION ( 'NONE',  ( -0.000000000000000000, -0.000000000000000000, -1.000000000000000000 ) ) ;
#1988 = ORIENTED_EDGE ( 'NONE', *, *, #95, .T. ) ;
#1989 = DIRECTION ( 'NONE',  ( 0.000000000000000000, 0.000000000000000000, 1.000000000000000000 ) ) ;
#1990 = CARTESIAN_POINT ( 'NONE',  ( 0.4161351297980188102, 0.5017001728748604616, -0.1499999999999999944 ) ) ;
#1991 = ORIENTED_EDGE ( 'NONE', *, *, #1952, .F. ) ;
#1992 = AXIS2_PLACEMENT_3D ( 'NONE', #1381, #2096, #40 ) ;
#1993 = EDGE_CURVE ( 'NONE', #2099, #260, #140, .T. ) ;
#1994 = SPHERICAL_SURFACE ( 'NONE', #2137, 0.1000000000000000056 ) ;
#1995 = LINE ( 'NONE', #484, #1614 ) ;
#1996 = ORIENTED_EDGE ( 'NONE', *, *, #1642, .F. ) ;
#1997 = AXIS2_PLACEMENT_3D ( 'NONE', #416, #1087, #1617 ) ;
#1998 = ADVANCED_FACE ( 'NONE', ( #954 ), #1819, .F. ) ;
#1999 = CARTESIAN_POINT ( 'NONE',  ( 0.4161351297980188102, 0.5017001728748604616, -0.1499999999999999944 ) ) ;
#2000 = EDGE_LOOP ( 'NONE', ( #1943, #1223, #316, #1532 ) ) ;
#2001 = CARTESIAN_POINT ( 'NONE',  ( 0.4161351297980188657, 0.7000000000000000666, 0.1000000000000004774 ) ) ;
#2002 = EDGE_CURVE ( 'NONE', #1470, #1862, #788, .T. ) ;
#2003 = AXIS2_PLACEMENT_3D ( 'NONE', #1250, #580, #1100 ) ;
#2004 = VECTOR ( 'NONE', #1128, 1000.000000000000114 ) ;
#2005 = ORIENTED_EDGE ( 'NONE', *, *, #865, .T. ) ;
#2006 = ADVANCED_FACE ( 'NONE', ( #148 ), #116, .F. ) ;
#2007 = EDGE_LOOP ( 'NONE', ( #425, #2105, #1762, #156 ) ) ;
#2008 = VECTOR ( 'NONE', #979, 1000.000000000000000 ) ;
#2009 = CARTESIAN_POINT ( 'NONE',  ( 0.6249086240528645142, 0.2052349245053751714, 0.1499999999999999944 ) ) ;
#2010 = DIRECTION ( 'NONE',  ( 0.000000000000000000, -1.084202172485504040E-15, -1.000000000000000000 ) ) ;
#2011 =( NAMED_UNIT ( * ) SI_UNIT ( $, .STERADIAN. ) SOLID_ANGLE_UNIT ( ) );
#2012 = ORIENTED_EDGE ( 'NONE', *, *, #1633, .T. ) ;
#2013 = CARTESIAN_POINT ( 'NONE',  ( 0.3999999999999997446, 0.5500000000000000444, -0.1499999999999999944 ) ) ;
#2014 = CARTESIAN_POINT ( 'NONE',  ( -0.2777458503641840881, 0.7999999999999998224, 3.764158179546029378E-17 ) ) ;
#2015 = VERTEX_POINT ( 'NONE', #1114 ) ;
#2016 = PLANE ( 'NONE',  #952 ) ;
#2017 = VECTOR ( 'NONE', #1559, 1000.000000000000000 ) ;
#2018 = ORIENTED_EDGE ( 'NONE', *, *, #443, .T. ) ;
#2019 = ORIENTED_EDGE ( 'NONE', *, *, #1604, .F. ) ;
#2020 = DIRECTION ( 'NONE',  ( -0.9993908270190957621, 0.03489949670250199615, 0.000000000000000000 ) ) ;
#2021 = PRESENTATION_STYLE_ASSIGNMENT (( #1950 ) ) ;
#2022 = VECTOR ( 'NONE', #1448, 1000.000000000000000 ) ;
#2023 = CARTESIAN_POINT ( 'NONE',  ( -0.2777458503641839771, 0.7999999999999998224, 0.6777458503641836662 ) ) ;
#2024 = PRODUCT_RELATED_PRODUCT_CATEGORY ( 'part', '', ( #595 ) ) ;
#2025 = ORIENTED_EDGE ( 'NONE', *, *, #259, .T. ) ;
#2026 = DIRECTION ( 'NONE',  ( 0.000000000000000000, 0.000000000000000000, 1.000000000000000000 ) ) ;
#2027 = FACE_OUTER_BOUND ( 'NONE', #235, .T. ) ;
#2028 = ORIENTED_EDGE ( 'NONE', *, *, #248, .T. ) ;
#2029 = DIRECTION ( 'NONE',  ( -1.000000000000000000, 0.000000000000000000, 0.000000000000000000 ) ) ;
#2030 = AXIS2_PLACEMENT_3D ( 'NONE', #391, #1558, #525 ) ;
#2031 = ORIENTED_EDGE ( 'NONE', *, *, #281, .F. ) ;
#2032 = ORIENTED_EDGE ( 'NONE', *, *, #601, .T. ) ;
#2033 = VERTEX_POINT ( 'NONE', #1447 ) ;
#2034 = DIRECTION ( 'NONE',  ( 0.000000000000000000, 1.084202172485504040E-15, 1.000000000000000000 ) ) ;
#2035 = EDGE_CURVE ( 'NONE', #93, #64, #1150, .T. ) ;
#2036 = PLANE ( 'NONE',  #6 ) ;
#2037 = DIRECTION ( 'NONE',  ( -0.000000000000000000, -0.000000000000000000, -1.000000000000000000 ) ) ;
#2038 = CARTESIAN_POINT ( 'NONE',  ( -0.6249086240528645142, 0.2052349245053751714, -0.3999999999999995226 ) ) ;
#2039 = ADVANCED_FACE ( 'NONE', ( #464 ), #806, .T. ) ;
#2040 = VECTOR ( 'NONE', #1635, 1000.000000000000000 ) ;
#2041 = CARTESIAN_POINT ( 'NONE',  ( -0.4644055339734912136, 0.5033858125323456001, -0.3999999999999995226 ) ) ;
#2042 = CYLINDRICAL_SURFACE ( 'NONE', #1347, 0.1000000000000000333 ) ;
#2043 = ORIENTED_EDGE ( 'NONE', *, *, #812, .F. ) ;
#2044 = ORIENTED_EDGE ( 'NONE', *, *, #1885, .F. ) ;
#2045 = ORIENTED_EDGE ( 'NONE', *, *, #1393, .F. ) ;
#2046 = PLANE ( 'NONE',  #838 ) ;
#2047 = PRESENTATION_LAYER_ASSIGNMENT (  '', '', ( #1412 ) ) ;
#2048 = CARTESIAN_POINT ( 'NONE',  ( 1.837033808394708091E-16, 0.7999999999999998224, 0.6777458503641835552 ) ) ;
#2049 =( NAMED_UNIT ( * ) SI_UNIT ( $, .STERADIAN. ) SOLID_ANGLE_UNIT ( ) );
#2050 = VECTOR ( 'NONE', #1124, 1000.000000000000114 ) ;
#2051 = EDGE_CURVE ( 'NONE', #216, #504, #1783, .T. ) ;
#2052 = VERTEX_POINT ( 'NONE', #2149 ) ;
#2053 = CARTESIAN_POINT ( 'NONE',  ( -0.4750000000000001443, 0.1999999999999999833, 0.4000000000000004663 ) ) ;
#2054 = DIRECTION ( 'NONE',  ( -2.032879073410321800E-16, 0.000000000000000000, -1.000000000000000000 ) ) ;
#2055 = DIRECTION ( 'NONE',  ( -0.9975640502598246417, -0.06975647374411866886, 0.000000000000000000 ) ) ;
#2056 = EDGE_CURVE ( 'NONE', #1915, #1104, #610, .T. ) ;
#2057 = LINE ( 'NONE', #2041, #1749 ) ;
#2058 = DIRECTION ( 'NONE',  ( 0.000000000000000000, 0.000000000000000000, -1.000000000000000000 ) ) ;
#2059 = CARTESIAN_POINT ( 'NONE',  ( 0.8000000000000001554, 0.1496346075389737296, 0.1499999999999999944 ) ) ;
#2060 = ORIENTED_EDGE ( 'NONE', *, *, #819, .T. ) ;
#2061 = DIRECTION ( 'NONE',  ( 0.000000000000000000, 8.131516293641279311E-16, -1.000000000000000000 ) ) ;
#2062 = VERTEX_POINT ( 'NONE', #1466 ) ;
#2063 = ORIENTED_EDGE ( 'NONE', *, *, #1887, .T. ) ;
#2064 = CLOSED_SHELL ( 'NONE', ( #474, #1132, #2097, #479, #1176, #1998, #1420, #2006, #666, #987, #1678, #157, #770, #77 ) ) ;
#2065 = DIRECTION ( 'NONE',  ( -0.000000000000000000, -0.000000000000000000, -1.000000000000000000 ) ) ;
#2066 = CARTESIAN_POINT ( 'NONE',  ( -0.6731790282283369731, 0.2069205641628604764, 0.4000000000000004663 ) ) ;
#2067 = DIRECTION ( 'NONE',  ( 2.032879073410321800E-16, -0.000000000000000000, 1.000000000000000000 ) ) ;
#2068 = CARTESIAN_POINT ( 'NONE',  ( -0.8000000000000001554, 0.1496346075389737296, -0.5999999999999996447 ) ) ;
#2069 = DIRECTION ( 'NONE',  ( -0.06975647374411868273, -0.9975640502598247528, 0.000000000000000000 ) ) ;
#2070 = VERTEX_POINT ( 'NONE', #1285 ) ;
#2071 = FACE_OUTER_BOUND ( 'NONE', #1048, .T. ) ;
#2072 = DIRECTION ( 'NONE',  ( 0.000000000000000000, 0.000000000000000000, 1.000000000000000000 ) ) ;
#2073 = VERTEX_POINT ( 'NONE', #1831 ) ;
#2074 = VECTOR ( 'NONE', #498, 1000.000000000000000 ) ;
#2075 = CARTESIAN_POINT ( 'NONE',  ( -0.2689969840115915001, 0.2000000000000003719, 0.6689969840115913557 ) ) ;
#2076 = CARTESIAN_POINT ( 'NONE',  ( 0.4000000000000004108, 0.5500000000000000444, 0.7003805301908244685 ) ) ;
#2077 = DIRECTION ( 'NONE',  ( 0.08682659386424769477, -0.9924325091389670783, -0.08682659386424768089 ) ) ;
#2078 = LINE ( 'NONE', #2059, #2104 ) ;
#2079 = EDGE_CURVE ( 'NONE', #350, #1915, #473, .T. ) ;
#2080 = ORIENTED_EDGE ( 'NONE', *, *, #1486, .T. ) ;
#2081 = EDGE_CURVE ( 'NONE', #1936, #180, #615, .T. ) ;
#2082 = LINE ( 'NONE', #903, #367 ) ;
#2083 = ORIENTED_EDGE ( 'NONE', *, *, #1677, .T. ) ;
#2084 = DIRECTION ( 'NONE',  ( 0.000000000000000000, 0.000000000000000000, 1.000000000000000000 ) ) ;
#2085 = LINE ( 'NONE', #1575, #1329 ) ;
#2086 = DIRECTION ( 'NONE',  ( -0.000000000000000000, -0.000000000000000000, -1.000000000000000000 ) ) ;
#2087 = ORIENTED_EDGE ( 'NONE', *, *, #736, .T. ) ;
#2088 = DIRECTION ( 'NONE',  ( -0.08682659386424780579, 0.9924325091389669673, -0.08682659386424776415 ) ) ;
#2089 = AXIS2_PLACEMENT_3D ( 'NONE', #478, #1471, #1630 ) ;
#2090 = VERTEX_POINT ( 'NONE', #2162 ) ;
#2091 = CYLINDRICAL_SURFACE ( 'NONE', #1183, 0.09999999999999999167 ) ;
#2092 = ADVANCED_FACE ( 'NONE', ( #1956 ), #626, .T. ) ;
#2093 = VECTOR ( 'NONE', #1424, 1000.000000000000000 ) ;
#2094 = CARTESIAN_POINT ( 'NONE',  ( -0.4644055339734912136, 0.5033858125323456001, -0.3999999999999995226 ) ) ;
#2095 = VERTEX_POINT ( 'NONE', #650 ) ;
#2096 = DIRECTION ( 'NONE',  ( -0.08682659386424777803, -0.9924325091389670783, 0.08682659386424781967 ) ) ;
#2097 = ADVANCED_FACE ( 'NONE', ( #448 ), #797, .F. ) ;
#2098 = VERTEX_POINT ( 'NONE', #1307 ) ;
#2099 = VERTEX_POINT ( 'NONE', #1138 ) ;
#2100 = CIRCLE ( 'NONE', #126, 0.09999999999999999167 ) ;
#2101 = CARTESIAN_POINT ( 'NONE',  ( -0.4161351297980188102, 0.5500000000000000444, -0.5999999999999996447 ) ) ;
#2102 = DIRECTION ( 'NONE',  ( 0.06975647374411809987, -0.9975640502598247528, 0.000000000000000000 ) ) ;
#2103 = DIRECTION ( 'NONE',  ( 0.000000000000000000, 0.000000000000000000, 1.000000000000000000 ) ) ;
#2104 = VECTOR ( 'NONE', #900, 1000.000000000000227 ) ;
#2105 = ORIENTED_EDGE ( 'NONE', *, *, #856, .T. ) ;
#2106 = CIRCLE ( 'NONE', #1144, 0.1000000000000000472 ) ;
#2107 = EDGE_LOOP ( 'NONE', ( #285, #177, #2043, #1800 ) ) ;
#2108 = LINE ( 'NONE', #255, #69 ) ;
#2109 = DIRECTION ( 'NONE',  ( 0.9975640502598246417, 0.06975647374411877988, -0.000000000000000000 ) ) ;
#2110 = EDGE_CURVE ( 'NONE', #167, #2099, #1995, .T. ) ;
#2111 = ADVANCED_FACE ( 'NONE', ( #183 ), #671, .T. ) ;
#2112 = PRESENTATION_STYLE_ASSIGNMENT (( #341 ) ) ;
#2113 = VECTOR ( 'NONE', #2139, 1000.000000000000000 ) ;
#2114 = DIRECTION ( 'NONE',  ( 0.000000000000000000, -0.08715574274765831853, 0.9961946980917455452 ) ) ;
#2115 = VECTOR ( 'NONE', #1044, 1000.000000000000000 ) ;
#2116 = ORIENTED_EDGE ( 'NONE', *, *, #1939, .F. ) ;
#2117 = ORIENTED_EDGE ( 'NONE', *, *, #981, .T. ) ;
#2118 = CARTESIAN_POINT ( 'NONE',  ( 0.7895365289383824425, -1.527135300683080830E-17, 0.1499999999999999944 ) ) ;
#2119 = AXIS2_PLACEMENT_3D ( 'NONE', #178, #189, #392 ) ;
#2120 = CARTESIAN_POINT ( 'NONE',  ( 0.4644055339734912136, 0.5033858125323456001, 0.1000000000000004774 ) ) ;
#2121 = EDGE_CURVE ( 'NONE', #685, #440, #708, .T. ) ;
#2122 = CARTESIAN_POINT ( 'NONE',  ( 0.4644055339734913246, 0.5033858125323456001, -0.1499999999999999944 ) ) ;
#2123 = ORIENTED_EDGE ( 'NONE', *, *, #641, .F. ) ;
#2124 = AXIS2_PLACEMENT_3D ( 'NONE', #1154, #457, #963 ) ;
#2125 = CYLINDRICAL_SURFACE ( 'NONE', #1303, 0.1982998271251395772 ) ;
#2126 = CYLINDRICAL_SURFACE ( 'NONE', #1116, 0.04829982712513945092 ) ;
#2127 = DIRECTION ( 'NONE',  ( 1.000000000000000000, 0.000000000000000000, 0.000000000000000000 ) ) ;
#2128 = DIRECTION ( 'NONE',  ( -1.000000000000000000, 0.000000000000000000, 0.000000000000000000 ) ) ;
#2129 = CIRCLE ( 'NONE', #786, 0.1000000000000000056 ) ;
#2130 = FILL_AREA_STYLE ('',( #1459 ) ) ;
#2131 = CYLINDRICAL_SURFACE ( 'NONE', #234, 0.1982998271251394107 ) ;
#2132 = FACE_OUTER_BOUND ( 'NONE', #630, .T. ) ;
#2133 = VERTEX_POINT ( 'NONE', #857 ) ;
#2134 = ORIENTED_EDGE ( 'NONE', *, *, #819, .F. ) ;
#2135 = AXIS2_PLACEMENT_3D ( 'NONE', #1373, #2054, #1833 ) ;
#2136 = DIRECTION ( 'NONE',  ( -0.08715574274765836016, 0.9961946980917455452, 0.000000000000000000 ) ) ;
#2137 = AXIS2_PLACEMENT_3D ( 'NONE', #1660, #659, #2010 ) ;
#2138 = CARTESIAN_POINT ( 'NONE',  ( 0.3003805301908255565, 0.5500000000000000444, -0.7999999999999999334 ) ) ;
#2139 = DIRECTION ( 'NONE',  ( -0.000000000000000000, -0.000000000000000000, -1.000000000000000000 ) ) ;
#2140 = LINE ( 'NONE', #1967, #850 ) ;
#2141 = CARTESIAN_POINT ( 'NONE',  ( -0.6593463315440190042, 0.009103785450083281064, 0.6000000000000005329 ) ) ;
#2142 = VERTEX_POINT ( 'NONE', #1212 ) ;
#2143 = DIRECTION ( 'NONE',  ( 0.9961946980917455452, -0.08715574274765836016, -2.025143354793023158E-16 ) ) ;
#2144 = VECTOR ( 'NONE', #508, 1000.000000000000000 ) ;
#2145 = EDGE_LOOP ( 'NONE', ( #1112, #1200, #852 ) ) ;
#2146 = DIRECTION ( 'NONE',  ( 1.355252715606879803E-16, 0.000000000000000000, 1.000000000000000000 ) ) ;
#2147 = ORIENTED_EDGE ( 'NONE', *, *, #252, .F. ) ;
#2148 = DIRECTION ( 'NONE',  ( 1.000000000000000000, -0.000000000000000000, -1.355252715606880543E-16 ) ) ;
#2149 = CARTESIAN_POINT ( 'NONE',  ( 0.2689969840115922217, 0.1912844257252345193, 0.7686164538207655994 ) ) ;
#2150 = EDGE_CURVE ( 'NONE', #676, #679, #1535, .T. ) ;
#2151 = DIRECTION ( 'NONE',  ( -0.03489949670250110797, 0.9993908270190956511, 0.000000000000000000 ) ) ;
#2152 = CYLINDRICAL_SURFACE ( 'NONE', #1442, 0.04829982712513945092 ) ;
#2153 = AXIS2_PLACEMENT_3D ( 'NONE', #811, #1622, #1120 ) ;
#2154 = ORIENTED_EDGE ( 'NONE', *, *, #1609, .F. ) ;
#2155 = CARTESIAN_POINT ( 'NONE',  ( -0.4161351297980188102, 0.5017001728748604616, -0.3999999999999995226 ) ) ;
#2156 = CARTESIAN_POINT ( 'NONE',  ( -0.6143141580263556945, 0.5086207370377207049, -0.3999999999999995226 ) ) ;
#2157 = ADVANCED_FACE ( 'NONE', ( #330 ), #1370, .F. ) ;
#2158 = AXIS2_PLACEMENT_3D ( 'NONE', #283, #629, #617 ) ;
#2159 = ORIENTED_EDGE ( 'NONE', *, *, #1296, .T. ) ;
#2160 = EDGE_CURVE ( 'NONE', #951, #1359, #1509, .T. ) ;
#2161 = CARTESIAN_POINT ( 'NONE',  ( -0.3999999999999997446, 0.5500000000000000444, 0.7999999999999994893 ) ) ;
#2162 = CARTESIAN_POINT ( 'NONE',  ( -0.7895365289383824425, -1.527135300683080830E-17, -0.3999999999999995226 ) ) ;
#2163 = EDGE_LOOP ( 'NONE', ( #243, #415, #1905, #1292 ) ) ;
#2164 = DIRECTION ( 'NONE',  ( -1.000000000000000000, 0.000000000000000000, 0.000000000000000000 ) ) ;
#2165 = FILL_AREA_STYLE ('',( #1835 ) ) ;
#2166 = VERTEX_POINT ( 'NONE', #160 ) ;
#2167 = EDGE_CURVE ( 'NONE', #1352, #1428, #1015, .T. ) ;
#2168 = CARTESIAN_POINT ( 'NONE',  ( -0.4750000000000001443, 0.1999999999999999833, 0.6000000000000005329 ) ) ;
#2169 = AXIS2_PLACEMENT_3D ( 'NONE', #1675, #9, #49 ) ;
#2170 = ORIENTED_EDGE ( 'NONE', *, *, #1993, .T. ) ;
#2171 = ORIENTED_EDGE ( 'NONE', *, *, #1901, .F. ) ;
#2172 = FACE_OUTER_BOUND ( 'NONE', #1713, .T. ) ;
#2173 = DIRECTION ( 'NONE',  ( -0.9961946980917455452, 0.08715574274765806873, 0.000000000000000000 ) ) ;
#2174 = CARTESIAN_POINT ( 'NONE',  ( -0.2689969840115915001, 0.1912844257252345193, 0.7686164538207658214 ) ) ;
#2175 = ADVANCED_FACE ( 'NONE', ( #5 ), #1879, .T. ) ;
#2176 = ORIENTED_EDGE ( 'NONE', *, *, #1841, .T. ) ;
#2177 = LINE ( 'NONE', #1837, #1698 ) ;
ENDSEC;
END-ISO-10303-21;
